YEAR,CO2,Other well mixed GHGs,Trop. O3,Strat. O3,Direct Sulphate Aerosol,Aerosol-Cloud Interactions,Biomass Burning Aerosol,Black & Organic Carbon Aerosol,Solar,Volcanic aerosols in Strat.,User Defined Forcing,TOTAL,,,,,,,,,,,,,,,,,,,,,,,,,,,,,,,,,,,,,,,,,,,,
SCALING,1.00 ,1.00 ,1.00 ,1.00 ,1.00 ,1.00 ,1.00 ,1.00 ,1.00 ,1.00 ,1.00 ,,,,,,,,,,,,,,,,,,,,,,,,,,,,,,,,,,,,,,,,,,,,,
1750,0.00,0.00,0.00,0.00,0.00,0.00,0.00,0.00,0.00,0.00,0.00,0.00,,,,,,,,,,,,,,,,,,,,,,,,,,,,,,,,,,,,,,,,,,,,
1751,-0.02,0.00,0.00,0.00,0.00,0.00,0.00,0.00,-0.01,0.00,0.00,-0.03,,,,,,,,,,,,,,,,,,,,,,,,,,,,,,,,,,,,,,,,,,,,
1752,-0.02,0.01,0.00,0.00,0.00,0.00,0.00,0.00,-0.03,0.00,0.00,-0.05,,,,,,,,,,,,,,,,,,,,,,,,,,,,,,,,,,,,,,,,,,,,
1753,-0.02,0.01,0.00,0.00,0.00,0.00,0.00,0.00,-0.03,0.00,0.00,-0.05,,,,,,,,,,,,,,,,,,,,,,,,,,,,,,,,,,,,,,,,,,,,
1754,-0.03,0.01,0.00,0.00,0.00,0.00,0.00,0.00,-0.04,0.00,0.00,-0.06,,,,,,,,,,,,,,,,,,,,,,,,,,,,,,,,,,,,,,,,,,,,
1755,-0.03,0.01,0.00,0.00,0.00,0.00,0.00,0.00,-0.05,-0.66,0.00,-0.73,,,,,,,,,,,,,,,,,,,,,,,,,,,,,,,,,,,,,,,,,,,,
1756,-0.03,0.01,0.00,0.00,0.00,0.00,0.00,0.00,-0.06,0.00,0.00,-0.07,,,,,,,,,,,,,,,,,,,,,,,,,,,,,,,,,,,,,,,,,,,,
1757,-0.03,0.01,0.00,0.00,0.00,0.00,0.00,0.00,-0.05,0.00,0.00,-0.06,,,,,,,,,,,,,,,,,,,,,,,,,,,,,,,,,,,,,,,,,,,,
1758,-0.03,0.01,0.00,0.00,0.00,0.00,0.00,0.00,-0.05,0.00,0.00,-0.06,,,,,,,,,,,,,,,,,,,,,,,,,,,,,,,,,,,,,,,,,,,,
1759,-0.03,0.02,0.00,0.00,0.00,0.00,0.00,0.00,-0.10,0.00,0.00,-0.11,,,,,,,,,,,,,,,,,,,,,,,,,,,,,,,,,,,,,,,,,,,,
1760,-0.03,0.02,0.00,0.00,0.00,0.00,0.00,0.00,-0.11,-0.06,0.00,-0.18,,,,,,,,,,,,,,,,,,,,,,,,,,,,,,,,,,,,,,,,,,,,
1761,-0.03,0.02,0.01,0.00,0.00,0.00,0.00,0.00,-0.02,-1.09,0.00,-1.12,,,,,,,,,,,,,,,,,,,,,,,,,,,,,,,,,,,,,,,,,,,,
1762,-0.03,0.02,0.01,0.00,0.00,0.00,0.00,0.00,-0.01,-0.30,0.00,-0.31,,,,,,,,,,,,,,,,,,,,,,,,,,,,,,,,,,,,,,,,,,,,
1763,-0.03,0.02,0.01,0.00,0.00,0.00,0.00,0.00,-0.02,-0.09,0.00,-0.12,,,,,,,,,,,,,,,,,,,,,,,,,,,,,,,,,,,,,,,,,,,,
1764,-0.03,0.02,0.01,0.00,0.00,0.00,0.00,0.00,-0.02,-0.02,0.00,-0.05,,,,,,,,,,,,,,,,,,,,,,,,,,,,,,,,,,,,,,,,,,,,
1765,-0.03,0.02,0.01,0.00,0.00,0.00,0.00,0.00,-0.05,0.00,0.00,-0.06,,,,,,,,,,,,,,,,,,,,,,,,,,,,,,,,,,,,,,,,,,,,
1766,-0.02,0.02,0.01,0.00,0.00,0.00,0.00,0.00,-0.05,0.00,0.00,-0.05,,,,,,,,,,,,,,,,,,,,,,,,,,,,,,,,,,,,,,,,,,,,
1767,-0.02,0.02,0.01,0.00,0.00,0.00,0.00,0.00,-0.04,0.00,0.00,-0.03,,,,,,,,,,,,,,,,,,,,,,,,,,,,,,,,,,,,,,,,,,,,
1768,-0.02,0.02,0.01,0.00,0.00,0.00,0.00,0.00,0.02,0.00,0.00,0.02,,,,,,,,,,,,,,,,,,,,,,,,,,,,,,,,,,,,,,,,,,,,
1769,-0.02,0.02,0.01,0.00,0.00,0.00,0.00,0.00,0.05,0.00,0.00,0.06,,,,,,,,,,,,,,,,,,,,,,,,,,,,,,,,,,,,,,,,,,,,
1770,-0.01,0.02,0.01,0.00,0.00,0.00,0.00,0.00,0.08,0.00,0.00,0.09,,,,,,,,,,,,,,,,,,,,,,,,,,,,,,,,,,,,,,,,,,,,
1771,-0.01,0.02,0.01,0.00,0.00,-0.01,0.00,0.00,0.06,0.00,0.00,0.07,,,,,,,,,,,,,,,,,,,,,,,,,,,,,,,,,,,,,,,,,,,,
1772,-0.01,0.02,0.01,0.00,0.00,-0.01,0.00,0.00,0.05,-0.07,0.00,0.00,,,,,,,,,,,,,,,,,,,,,,,,,,,,,,,,,,,,,,,,,,,,
1773,-0.01,0.02,0.01,0.00,0.00,-0.01,0.00,0.00,0.02,-0.02,0.00,0.01,,,,,,,,,,,,,,,,,,,,,,,,,,,,,,,,,,,,,,,,,,,,
1774,0.00,0.02,0.01,0.00,0.00,-0.01,0.00,0.00,0.00,-0.01,0.00,0.01,,,,,,,,,,,,,,,,,,,,,,,,,,,,,,,,,,,,,,,,,,,,
1775,0.00,0.02,0.01,0.00,0.00,-0.01,0.00,0.00,-0.04,0.00,0.00,-0.02,,,,,,,,,,,,,,,,,,,,,,,,,,,,,,,,,,,,,,,,,,,,
1776,0.00,0.02,0.01,0.00,0.00,-0.01,0.00,0.00,-0.05,0.00,0.00,-0.02,,,,,,,,,,,,,,,,,,,,,,,,,,,,,,,,,,,,,,,,,,,,
1777,0.00,0.02,0.01,0.00,0.00,-0.01,0.00,0.00,-0.04,0.00,0.00,-0.01,,,,,,,,,,,,,,,,,,,,,,,,,,,,,,,,,,,,,,,,,,,,
1778,0.00,0.02,0.01,0.00,0.00,-0.01,0.00,0.00,0.02,-0.07,0.00,-0.03,,,,,,,,,,,,,,,,,,,,,,,,,,,,,,,,,,,,,,,,,,,,
1779,0.00,0.02,0.01,0.00,0.00,-0.01,0.00,0.00,-0.03,-0.07,0.00,-0.08,,,,,,,,,,,,,,,,,,,,,,,,,,,,,,,,,,,,,,,,,,,,
1780,0.00,0.02,0.01,0.00,0.00,-0.01,0.00,0.00,-0.07,-0.02,0.00,-0.06,,,,,,,,,,,,,,,,,,,,,,,,,,,,,,,,,,,,,,,,,,,,
1781,0.00,0.02,0.01,0.00,0.00,-0.01,0.00,0.00,-0.06,0.00,0.00,-0.04,,,,,,,,,,,,,,,,,,,,,,,,,,,,,,,,,,,,,,,,,,,,
1782,0.00,0.02,0.01,0.00,0.00,-0.01,0.00,0.00,-0.03,0.00,0.00,-0.01,,,,,,,,,,,,,,,,,,,,,,,,,,,,,,,,,,,,,,,,,,,,
1783,0.01,0.02,0.01,0.00,0.00,-0.01,0.00,0.00,-0.07,-7.86,0.00,-7.90,,,,,,,,,,,,,,,,,,,,,,,,,,,,,,,,,,,,,,,,,,,,
1784,0.01,0.02,0.01,0.00,0.00,-0.02,0.00,0.00,-0.06,-0.52,0.00,-0.55,,,,,,,,,,,,,,,,,,,,,,,,,,,,,,,,,,,,,,,,,,,,
1785,0.01,0.02,0.02,0.00,0.00,-0.02,0.00,0.00,-0.05,-0.12,0.00,-0.14,,,,,,,,,,,,,,,,,,,,,,,,,,,,,,,,,,,,,,,,,,,,
1786,0.02,0.02,0.02,0.00,0.00,-0.02,0.00,0.00,-0.02,-0.03,0.00,-0.01,,,,,,,,,,,,,,,,,,,,,,,,,,,,,,,,,,,,,,,,,,,,
1787,0.02,0.02,0.02,0.00,0.00,-0.02,0.00,0.00,0.00,0.00,0.00,0.04,,,,,,,,,,,,,,,,,,,,,,,,,,,,,,,,,,,,,,,,,,,,
1788,0.03,0.02,0.02,0.00,0.00,-0.02,0.00,0.00,0.03,-0.13,0.00,-0.05,,,,,,,,,,,,,,,,,,,,,,,,,,,,,,,,,,,,,,,,,,,,
1789,0.03,0.02,0.02,0.00,0.00,-0.02,0.00,0.00,-0.03,-0.04,0.00,-0.02,,,,,,,,,,,,,,,,,,,,,,,,,,,,,,,,,,,,,,,,,,,,
1790,0.04,0.02,0.02,0.00,0.00,-0.02,0.00,0.00,-0.06,-0.01,0.00,-0.01,,,,,,,,,,,,,,,,,,,,,,,,,,,,,,,,,,,,,,,,,,,,
1791,0.04,0.02,0.02,0.00,0.00,-0.02,0.00,0.00,-0.06,0.00,0.00,0.01,,,,,,,,,,,,,,,,,,,,,,,,,,,,,,,,,,,,,,,,,,,,
1792,0.05,0.02,0.02,0.00,0.00,-0.02,0.00,0.00,-0.05,0.00,0.00,0.02,,,,,,,,,,,,,,,,,,,,,,,,,,,,,,,,,,,,,,,,,,,,
1793,0.06,0.02,0.02,0.00,0.00,-0.02,0.00,0.00,-0.07,0.00,0.00,0.01,,,,,,,,,,,,,,,,,,,,,,,,,,,,,,,,,,,,,,,,,,,,
1794,0.06,0.02,0.02,0.00,0.00,-0.02,0.00,0.00,-0.06,-0.16,0.00,-0.14,,,,,,,,,,,,,,,,,,,,,,,,,,,,,,,,,,,,,,,,,,,,
1795,0.07,0.02,0.02,0.00,0.00,-0.02,0.00,0.00,-0.03,0.00,0.00,0.06,,,,,,,,,,,,,,,,,,,,,,,,,,,,,,,,,,,,,,,,,,,,
1796,0.07,0.02,0.02,0.00,0.00,-0.02,0.00,0.00,-0.03,-0.78,0.00,-0.72,,,,,,,,,,,,,,,,,,,,,,,,,,,,,,,,,,,,,,,,,,,,
1797,0.08,0.02,0.02,0.00,0.00,-0.02,0.00,0.00,-0.04,-0.07,0.00,-0.02,,,,,,,,,,,,,,,,,,,,,,,,,,,,,,,,,,,,,,,,,,,,
1798,0.08,0.02,0.02,0.00,0.00,-0.02,0.00,0.00,-0.05,-0.02,0.00,0.04,,,,,,,,,,,,,,,,,,,,,,,,,,,,,,,,,,,,,,,,,,,,
1799,0.08,0.03,0.02,0.00,0.00,-0.02,0.00,0.00,-0.05,0.00,0.00,0.06,,,,,,,,,,,,,,,,,,,,,,,,,,,,,,,,,,,,,,,,,,,,
1800,0.09,0.03,0.02,0.00,0.00,-0.02,0.00,0.00,-0.06,0.00,0.00,0.06,,,,,,,,,,,,,,,,,,,,,,,,,,,,,,,,,,,,,,,,,,,,
1801,0.09,0.03,0.02,0.00,0.00,-0.02,0.00,0.00,-0.02,-0.15,0.00,-0.06,,,,,,,,,,,,,,,,,,,,,,,,,,,,,,,,,,,,,,,,,,,,
1802,0.10,0.03,0.02,0.00,0.00,-0.02,0.00,0.00,-0.01,-0.05,0.00,0.06,,,,,,,,,,,,,,,,,,,,,,,,,,,,,,,,,,,,,,,,,,,,
1803,0.10,0.03,0.02,0.00,0.00,-0.02,0.00,0.00,-0.03,-0.01,0.00,0.08,,,,,,,,,,,,,,,,,,,,,,,,,,,,,,,,,,,,,,,,,,,,
1804,0.10,0.03,0.02,0.00,0.00,-0.02,0.00,0.00,-0.04,-0.23,0.00,-0.14,,,,,,,,,,,,,,,,,,,,,,,,,,,,,,,,,,,,,,,,,,,,
1805,0.11,0.03,0.02,0.00,0.00,-0.03,0.00,0.00,-0.05,-0.07,0.00,0.01,,,,,,,,,,,,,,,,,,,,,,,,,,,,,,,,,,,,,,,,,,,,
1806,0.11,0.03,0.02,0.00,0.00,-0.03,0.00,0.00,-0.04,-0.02,0.00,0.08,,,,,,,,,,,,,,,,,,,,,,,,,,,,,,,,,,,,,,,,,,,,
1807,0.11,0.03,0.02,0.00,0.00,-0.03,0.00,0.00,-0.06,0.00,0.00,0.08,,,,,,,,,,,,,,,,,,,,,,,,,,,,,,,,,,,,,,,,,,,,
1808,0.11,0.03,0.03,0.00,0.00,-0.03,0.00,0.00,-0.07,0.00,0.00,0.07,,,,,,,,,,,,,,,,,,,,,,,,,,,,,,,,,,,,,,,,,,,,
1809,0.12,0.03,0.03,0.00,0.00,-0.03,0.00,0.00,-0.07,-6.95,0.00,-6.87,,,,,,,,,,,,,,,,,,,,,,,,,,,,,,,,,,,,,,,,,,,,
1810,0.12,0.03,0.03,0.00,0.00,-0.03,0.00,0.00,-0.07,-2.25,0.00,-2.18,,,,,,,,,,,,,,,,,,,,,,,,,,,,,,,,,,,,,,,,,,,,
1811,0.12,0.03,0.03,0.00,0.00,-0.03,0.00,0.00,-0.07,-0.84,0.00,-0.76,,,,,,,,,,,,,,,,,,,,,,,,,,,,,,,,,,,,,,,,,,,,
1812,0.12,0.03,0.03,0.00,0.00,-0.03,0.00,0.00,-0.07,-0.31,0.00,-0.24,,,,,,,,,,,,,,,,,,,,,,,,,,,,,,,,,,,,,,,,,,,,
1813,0.12,0.03,0.03,0.00,0.00,-0.03,0.00,0.00,-0.07,-0.11,0.00,-0.03,,,,,,,,,,,,,,,,,,,,,,,,,,,,,,,,,,,,,,,,,,,,
1814,0.12,0.03,0.03,0.00,0.00,-0.03,0.00,0.00,-0.06,0.00,0.00,0.08,,,,,,,,,,,,,,,,,,,,,,,,,,,,,,,,,,,,,,,,,,,,
1815,0.12,0.03,0.03,0.00,0.00,-0.03,0.00,0.00,-0.06,-11.63,0.00,-11.55,,,,,,,,,,,,,,,,,,,,,,,,,,,,,,,,,,,,,,,,,,,,
1816,0.11,0.03,0.03,0.00,0.00,-0.03,0.00,0.00,-0.05,-4.55,0.00,-4.46,,,,,,,,,,,,,,,,,,,,,,,,,,,,,,,,,,,,,,,,,,,,
1817,0.11,0.03,0.03,0.00,0.00,-0.03,0.00,0.00,-0.05,-2.42,0.00,-2.33,,,,,,,,,,,,,,,,,,,,,,,,,,,,,,,,,,,,,,,,,,,,
1818,0.11,0.03,0.03,0.00,0.00,-0.03,0.00,0.00,-0.05,-0.92,0.00,-0.83,,,,,,,,,,,,,,,,,,,,,,,,,,,,,,,,,,,,,,,,,,,,
1819,0.10,0.04,0.03,0.00,0.00,-0.03,0.00,0.00,-0.05,-0.34,0.00,-0.25,,,,,,,,,,,,,,,,,,,,,,,,,,,,,,,,,,,,,,,,,,,,
1820,0.10,0.04,0.03,0.00,0.00,-0.03,0.00,0.00,-0.06,-0.04,0.00,0.04,,,,,,,,,,,,,,,,,,,,,,,,,,,,,,,,,,,,,,,,,,,,
1821,0.10,0.04,0.03,0.00,0.00,-0.03,0.00,0.00,-0.07,0.00,0.00,0.07,,,,,,,,,,,,,,,,,,,,,,,,,,,,,,,,,,,,,,,,,,,,
1822,0.10,0.04,0.03,0.00,0.00,-0.03,0.00,0.00,-0.07,0.00,0.00,0.07,,,,,,,,,,,,,,,,,,,,,,,,,,,,,,,,,,,,,,,,,,,,
1823,0.10,0.04,0.03,0.00,0.00,-0.03,0.00,0.00,-0.07,0.00,0.00,0.07,,,,,,,,,,,,,,,,,,,,,,,,,,,,,,,,,,,,,,,,,,,,
1824,0.10,0.04,0.03,0.00,0.00,-0.03,0.00,0.00,-0.06,0.00,0.00,0.08,,,,,,,,,,,,,,,,,,,,,,,,,,,,,,,,,,,,,,,,,,,,
1825,0.10,0.04,0.03,0.00,0.00,-0.03,0.00,0.00,-0.05,0.00,0.00,0.09,,,,,,,,,,,,,,,,,,,,,,,,,,,,,,,,,,,,,,,,,,,,
1826,0.10,0.04,0.03,0.00,0.00,-0.03,0.00,0.00,-0.04,0.00,0.00,0.10,,,,,,,,,,,,,,,,,,,,,,,,,,,,,,,,,,,,,,,,,,,,
1827,0.10,0.05,0.03,0.00,0.00,-0.03,0.00,0.00,-0.02,0.00,0.00,0.13,,,,,,,,,,,,,,,,,,,,,,,,,,,,,,,,,,,,,,,,,,,,
1828,0.11,0.05,0.03,0.00,0.00,-0.03,0.00,0.00,-0.01,0.00,0.00,0.14,,,,,,,,,,,,,,,,,,,,,,,,,,,,,,,,,,,,,,,,,,,,
1829,0.11,0.05,0.03,0.00,0.00,-0.03,0.00,0.00,-0.01,0.00,0.00,0.15,,,,,,,,,,,,,,,,,,,,,,,,,,,,,,,,,,,,,,,,,,,,
1830,0.11,0.05,0.03,0.00,0.00,-0.03,-0.01,0.00,0.00,0.00,0.00,0.15,,,,,,,,,,,,,,,,,,,,,,,,,,,,,,,,,,,,,,,,,,,,
1831,0.11,0.04,0.03,0.00,0.00,-0.03,-0.01,0.00,0.00,-1.54,0.00,-1.38,,,,,,,,,,,,,,,,,,,,,,,,,,,,,,,,,,,,,,,,,,,,
1832,0.11,0.04,0.04,0.00,0.00,-0.03,-0.01,0.00,-0.02,-1.23,0.00,-1.10,,,,,,,,,,,,,,,,,,,,,,,,,,,,,,,,,,,,,,,,,,,,
1833,0.11,0.04,0.04,0.00,0.00,-0.03,-0.01,0.00,-0.04,-0.61,0.00,-0.49,,,,,,,,,,,,,,,,,,,,,,,,,,,,,,,,,,,,,,,,,,,,
1834,0.11,0.04,0.04,0.00,0.00,-0.03,-0.01,0.00,-0.04,-0.22,0.00,-0.11,,,,,,,,,,,,,,,,,,,,,,,,,,,,,,,,,,,,,,,,,,,,
1835,0.11,0.04,0.04,0.00,0.00,-0.03,-0.01,0.00,-0.03,-4.94,0.00,-4.82,,,,,,,,,,,,,,,,,,,,,,,,,,,,,,,,,,,,,,,,,,,,
1836,0.11,0.04,0.04,0.00,0.00,-0.03,-0.01,0.00,0.02,-1.45,0.00,-1.29,,,,,,,,,,,,,,,,,,,,,,,,,,,,,,,,,,,,,,,,,,,,
1837,0.11,0.04,0.04,0.00,0.00,-0.03,-0.01,0.00,0.06,-0.52,0.00,-0.33,,,,,,,,,,,,,,,,,,,,,,,,,,,,,,,,,,,,,,,,,,,,
1838,0.11,0.04,0.04,0.00,0.00,-0.03,-0.01,0.00,0.05,-0.19,0.00,0.00,,,,,,,,,,,,,,,,,,,,,,,,,,,,,,,,,,,,,,,,,,,,
1839,0.11,0.04,0.04,0.00,0.00,-0.03,-0.01,0.00,0.03,-0.07,0.00,0.10,,,,,,,,,,,,,,,,,,,,,,,,,,,,,,,,,,,,,,,,,,,,
1840,0.12,0.04,0.04,0.00,0.00,-0.04,-0.01,0.00,0.03,-0.05,0.00,0.13,,,,,,,,,,,,,,,,,,,,,,,,,,,,,,,,,,,,,,,,,,,,
1841,0.12,0.04,0.04,0.00,0.00,-0.04,-0.01,0.00,0.01,-0.01,0.00,0.15,,,,,,,,,,,,,,,,,,,,,,,,,,,,,,,,,,,,,,,,,,,,
1842,0.13,0.04,0.04,0.00,0.00,-0.04,-0.01,0.00,-0.01,0.00,0.00,0.15,,,,,,,,,,,,,,,,,,,,,,,,,,,,,,,,,,,,,,,,,,,,
1843,0.14,0.04,0.04,0.00,0.00,-0.04,-0.01,0.00,-0.01,-0.05,0.00,0.10,,,,,,,,,,,,,,,,,,,,,,,,,,,,,,,,,,,,,,,,,,,,
1844,0.14,0.04,0.04,0.00,0.00,-0.04,-0.01,0.00,-0.02,-0.01,0.00,0.14,,,,,,,,,,,,,,,,,,,,,,,,,,,,,,,,,,,,,,,,,,,,
1845,0.15,0.04,0.04,0.00,0.00,-0.04,-0.01,0.00,-0.03,0.00,0.00,0.15,,,,,,,,,,,,,,,,,,,,,,,,,,,,,,,,,,,,,,,,,,,,
1846,0.16,0.04,0.04,0.00,0.00,-0.04,-0.02,0.00,-0.02,-0.07,0.00,0.09,,,,,,,,,,,,,,,,,,,,,,,,,,,,,,,,,,,,,,,,,,,,
1847,0.16,0.04,0.04,0.00,0.00,-0.04,-0.02,0.00,-0.06,-0.02,0.00,0.11,,,,,,,,,,,,,,,,,,,,,,,,,,,,,,,,,,,,,,,,,,,,
1848,0.16,0.05,0.04,0.00,0.00,-0.04,-0.02,0.00,-0.02,-0.01,0.00,0.17,,,,,,,,,,,,,,,,,,,,,,,,,,,,,,,,,,,,,,,,,,,,
1849,0.17,0.05,0.04,0.00,0.00,-0.04,-0.02,0.00,0.04,0.00,0.00,0.24,,,,,,,,,,,,,,,,,,,,,,,,,,,,,,,,,,,,,,,,,,,,
1850,0.17,0.05,0.04,0.00,0.00,-0.04,-0.02,0.00,0.02,-0.10,0.00,0.12,,,,,,,,,,,,,,,,,,,,,,,,,,,,,,,,,,,,,,,,,,,,
1851,0.17,0.05,0.04,0.00,0.00,-0.04,-0.02,0.00,0.02,-0.08,0.00,0.14,,,,,,,,,,,,,,,,,,,,,,,,,,,,,,,,,,,,,,,,,,,,
1852,0.17,0.05,0.04,0.00,0.00,-0.04,-0.02,0.00,0.02,-0.05,0.00,0.17,,,,,,,,,,,,,,,,,,,,,,,,,,,,,,,,,,,,,,,,,,,,
1853,0.16,0.05,0.05,0.00,-0.01,-0.05,-0.02,0.00,0.01,-0.03,0.00,0.18,,,,,,,,,,,,,,,,,,,,,,,,,,,,,,,,,,,,,,,,,,,,
1854,0.16,0.05,0.05,0.00,-0.01,-0.05,-0.02,0.01,-0.01,0.00,0.00,0.18,,,,,,,,,,,,,,,,,,,,,,,,,,,,,,,,,,,,,,,,,,,,
1855,0.16,0.05,0.05,0.00,-0.01,-0.05,-0.02,0.01,-0.03,0.00,0.00,0.16,,,,,,,,,,,,,,,,,,,,,,,,,,,,,,,,,,,,,,,,,,,,
1856,0.16,0.05,0.05,0.00,-0.01,-0.05,-0.02,0.01,-0.04,-0.43,0.00,-0.28,,,,,,,,,,,,,,,,,,,,,,,,,,,,,,,,,,,,,,,,,,,,
1857,0.16,0.05,0.05,0.00,-0.01,-0.05,-0.02,0.01,-0.04,-1.43,0.00,-1.28,,,,,,,,,,,,,,,,,,,,,,,,,,,,,,,,,,,,,,,,,,,,
1858,0.16,0.06,0.05,0.00,-0.01,-0.05,-0.02,0.01,-0.02,-1.10,0.00,-0.93,,,,,,,,,,,,,,,,,,,,,,,,,,,,,,,,,,,,,,,,,,,,
1859,0.15,0.06,0.05,0.00,-0.01,-0.05,-0.02,0.01,-0.01,-0.40,0.00,-0.22,,,,,,,,,,,,,,,,,,,,,,,,,,,,,,,,,,,,,,,,,,,,
1860,0.15,0.06,0.05,0.00,-0.01,-0.06,-0.03,0.01,0.03,-0.18,0.00,0.04,,,,,,,,,,,,,,,,,,,,,,,,,,,,,,,,,,,,,,,,,,,,
1861,0.15,0.06,0.05,0.00,-0.01,-0.06,-0.03,0.01,0.04,-0.08,0.00,0.14,,,,,,,,,,,,,,,,,,,,,,,,,,,,,,,,,,,,,,,,,,,,
1862,0.15,0.06,0.05,0.00,-0.01,-0.06,-0.03,0.01,0.01,-0.23,0.00,-0.04,,,,,,,,,,,,,,,,,,,,,,,,,,,,,,,,,,,,,,,,,,,,
1863,0.15,0.06,0.05,0.00,-0.01,-0.06,-0.03,0.01,0.01,-0.33,0.00,-0.14,,,,,,,,,,,,,,,,,,,,,,,,,,,,,,,,,,,,,,,,,,,,
1864,0.16,0.06,0.06,0.00,-0.01,-0.06,-0.03,0.01,-0.02,-0.18,0.00,-0.01,,,,,,,,,,,,,,,,,,,,,,,,,,,,,,,,,,,,,,,,,,,,
1865,0.16,0.06,0.06,0.00,-0.01,-0.06,-0.03,0.01,-0.02,-0.08,0.00,0.09,,,,,,,,,,,,,,,,,,,,,,,,,,,,,,,,,,,,,,,,,,,,
1866,0.16,0.07,0.06,0.00,-0.01,-0.07,-0.04,0.01,-0.02,-0.03,0.00,0.14,,,,,,,,,,,,,,,,,,,,,,,,,,,,,,,,,,,,,,,,,,,,
1867,0.17,0.07,0.06,0.00,-0.01,-0.07,-0.04,0.01,-0.04,-0.03,0.00,0.12,,,,,,,,,,,,,,,,,,,,,,,,,,,,,,,,,,,,,,,,,,,,
1868,0.17,0.07,0.06,0.00,-0.01,-0.07,-0.04,0.01,-0.04,0.00,0.00,0.15,,,,,,,,,,,,,,,,,,,,,,,,,,,,,,,,,,,,,,,,,,,,
1869,0.18,0.07,0.06,0.00,-0.01,-0.07,-0.04,0.01,-0.01,0.00,0.00,0.19,,,,,,,,,,,,,,,,,,,,,,,,,,,,,,,,,,,,,,,,,,,,
1870,0.19,0.07,0.06,0.00,-0.01,-0.07,-0.04,0.01,-0.03,-0.03,0.00,0.15,,,,,,,,,,,,,,,,,,,,,,,,,,,,,,,,,,,,,,,,,,,,
1871,0.20,0.07,0.06,0.00,-0.02,-0.08,-0.04,0.02,0.03,-0.03,0.00,0.21,,,,,,,,,,,,,,,,,,,,,,,,,,,,,,,,,,,,,,,,,,,,
1872,0.20,0.08,0.06,0.00,-0.02,-0.08,-0.04,0.02,0.01,-0.03,0.00,0.20,,,,,,,,,,,,,,,,,,,,,,,,,,,,,,,,,,,,,,,,,,,,
1873,0.21,0.08,0.06,0.00,-0.02,-0.09,-0.05,0.02,0.02,-0.05,0.00,0.17,,,,,,,,,,,,,,,,,,,,,,,,,,,,,,,,,,,,,,,,,,,,
1874,0.21,0.08,0.06,0.00,-0.02,-0.10,-0.05,0.02,0.00,-0.08,0.00,0.14,,,,,,,,,,,,,,,,,,,,,,,,,,,,,,,,,,,,,,,,,,,,
1875,0.22,0.08,0.07,0.00,-0.02,-0.10,-0.04,0.02,-0.02,-0.03,0.00,0.18,,,,,,,,,,,,,,,,,,,,,,,,,,,,,,,,,,,,,,,,,,,,
1876,0.22,0.08,0.07,0.00,-0.02,-0.10,-0.04,0.02,-0.03,-0.10,0.00,0.10,,,,,,,,,,,,,,,,,,,,,,,,,,,,,,,,,,,,,,,,,,,,
1877,0.22,0.08,0.07,0.00,-0.02,-0.09,-0.04,0.02,-0.03,-0.15,0.00,0.05,,,,,,,,,,,,,,,,,,,,,,,,,,,,,,,,,,,,,,,,,,,,
1878,0.22,0.09,0.07,0.00,-0.02,-0.09,-0.04,0.02,-0.04,-0.10,0.00,0.09,,,,,,,,,,,,,,,,,,,,,,,,,,,,,,,,,,,,,,,,,,,,
1879,0.22,0.09,0.07,0.00,-0.02,-0.10,-0.04,0.02,-0.04,-0.05,0.00,0.14,,,,,,,,,,,,,,,,,,,,,,,,,,,,,,,,,,,,,,,,,,,,
1880,0.22,0.09,0.07,0.00,-0.03,-0.10,-0.04,0.02,-0.04,-0.05,0.00,0.14,,,,,,,,,,,,,,,,,,,,,,,,,,,,,,,,,,,,,,,,,,,,
1881,0.22,0.09,0.07,0.00,-0.03,-0.10,-0.04,0.02,-0.01,-0.03,0.00,0.20,,,,,,,,,,,,,,,,,,,,,,,,,,,,,,,,,,,,,,,,,,,,
1882,0.23,0.09,0.07,0.00,-0.03,-0.10,-0.04,0.02,-0.02,-0.03,0.00,0.19,,,,,,,,,,,,,,,,,,,,,,,,,,,,,,,,,,,,,,,,,,,,
1883,0.23,0.09,0.07,0.00,-0.03,-0.10,-0.04,0.02,-0.03,-0.73,0.00,-0.52,,,,,,,,,,,,,,,,,,,,,,,,,,,,,,,,,,,,,,,,,,,,
1884,0.24,0.10,0.07,0.00,-0.03,-0.11,-0.04,0.02,0.02,-3.80,0.00,-3.53,,,,,,,,,,,,,,,,,,,,,,,,,,,,,,,,,,,,,,,,,,,,
1885,0.24,0.10,0.07,0.00,-0.03,-0.11,-0.04,0.02,0.00,-2.53,0.00,-2.27,,,,,,,,,,,,,,,,,,,,,,,,,,,,,,,,,,,,,,,,,,,,
1886,0.25,0.10,0.08,0.00,-0.03,-0.11,-0.04,0.02,-0.01,-0.98,0.00,-0.72,,,,,,,,,,,,,,,,,,,,,,,,,,,,,,,,,,,,,,,,,,,,
1887,0.26,0.10,0.08,0.00,-0.03,-0.11,-0.04,0.02,-0.03,-1.35,0.00,-1.11,,,,,,,,,,,,,,,,,,,,,,,,,,,,,,,,,,,,,,,,,,,,
1888,0.27,0.10,0.08,0.00,-0.04,-0.11,-0.04,0.02,-0.04,-0.58,0.00,-0.33,,,,,,,,,,,,,,,,,,,,,,,,,,,,,,,,,,,,,,,,,,,,
1889,0.27,0.11,0.08,0.00,-0.04,-0.11,-0.05,0.03,-0.04,-0.98,0.00,-0.73,,,,,,,,,,,,,,,,,,,,,,,,,,,,,,,,,,,,,,,,,,,,
1890,0.28,0.11,0.08,0.00,-0.04,-0.12,-0.05,0.03,-0.04,-0.80,0.00,-0.55,,,,,,,,,,,,,,,,,,,,,,,,,,,,,,,,,,,,,,,,,,,,
1891,0.29,0.11,0.08,0.00,-0.04,-0.12,-0.05,0.03,-0.02,-1.00,0.00,-0.72,,,,,,,,,,,,,,,,,,,,,,,,,,,,,,,,,,,,,,,,,,,,
1892,0.30,0.11,0.08,0.00,-0.04,-0.12,-0.05,0.03,0.00,-0.53,0.00,-0.21,,,,,,,,,,,,,,,,,,,,,,,,,,,,,,,,,,,,,,,,,,,,
1893,0.31,0.11,0.08,0.00,-0.05,-0.12,-0.05,0.03,0.04,-0.35,0.00,0.00,,,,,,,,,,,,,,,,,,,,,,,,,,,,,,,,,,,,,,,,,,,,
1894,0.32,0.11,0.08,0.00,-0.05,-0.13,-0.05,0.03,0.07,-0.13,0.00,0.27,,,,,,,,,,,,,,,,,,,,,,,,,,,,,,,,,,,,,,,,,,,,
1895,0.33,0.11,0.08,0.00,-0.05,-0.13,-0.04,0.03,0.05,-0.05,0.00,0.33,,,,,,,,,,,,,,,,,,,,,,,,,,,,,,,,,,,,,,,,,,,,
1896,0.33,0.11,0.08,0.00,-0.05,-0.13,-0.04,0.03,0.02,-0.15,0.00,0.20,,,,,,,,,,,,,,,,,,,,,,,,,,,,,,,,,,,,,,,,,,,,
1897,0.33,0.11,0.08,0.00,-0.05,-0.13,-0.04,0.04,0.00,-0.48,0.00,-0.14,,,,,,,,,,,,,,,,,,,,,,,,,,,,,,,,,,,,,,,,,,,,
1898,0.34,0.11,0.09,0.00,-0.06,-0.14,-0.04,0.04,-0.01,-0.45,0.00,-0.13,,,,,,,,,,,,,,,,,,,,,,,,,,,,,,,,,,,,,,,,,,,,
1899,0.34,0.12,0.09,0.00,-0.06,-0.14,-0.04,0.04,-0.02,-0.18,0.00,0.14,,,,,,,,,,,,,,,,,,,,,,,,,,,,,,,,,,,,,,,,,,,,
1900,0.34,0.12,0.09,0.00,-0.06,-0.14,-0.04,0.04,-0.03,-0.08,0.00,0.23,,,,,,,,,,,,,,,,,,,,,,,,,,,,,,,,,,,,,,,,,,,,
1901,0.34,0.12,0.09,0.00,-0.06,-0.15,-0.04,0.05,-0.04,-0.03,0.00,0.27,,,,,,,,,,,,,,,,,,,,,,,,,,,,,,,,,,,,,,,,,,,,
1902,0.34,0.12,0.09,0.00,-0.07,-0.15,-0.04,0.05,-0.05,-0.08,0.00,0.22,,,,,,,,,,,,,,,,,,,,,,,,,,,,,,,,,,,,,,,,,,,,
1903,0.35,0.13,0.09,0.00,-0.07,-0.16,-0.04,0.05,-0.04,-1.90,0.00,-1.59,,,,,,,,,,,,,,,,,,,,,,,,,,,,,,,,,,,,,,,,,,,,
1904,0.36,0.13,0.09,0.00,-0.07,-0.16,-0.04,0.05,0.01,-1.28,0.00,-0.91,,,,,,,,,,,,,,,,,,,,,,,,,,,,,,,,,,,,,,,,,,,,
1905,0.36,0.13,0.09,0.00,-0.08,-0.16,-0.03,0.05,-0.02,-0.48,0.00,-0.13,,,,,,,,,,,,,,,,,,,,,,,,,,,,,,,,,,,,,,,,,,,,
1906,0.37,0.14,0.09,0.00,-0.08,-0.17,-0.03,0.05,0.03,-0.23,0.00,0.17,,,,,,,,,,,,,,,,,,,,,,,,,,,,,,,,,,,,,,,,,,,,
1907,0.38,0.14,0.09,0.00,-0.08,-0.17,-0.03,0.05,0.00,-0.15,0.00,0.22,,,,,,,,,,,,,,,,,,,,,,,,,,,,,,,,,,,,,,,,,,,,
1908,0.38,0.15,0.09,0.00,-0.08,-0.17,-0.03,0.05,0.02,-0.33,0.00,0.08,,,,,,,,,,,,,,,,,,,,,,,,,,,,,,,,,,,,,,,,,,,,
1909,0.39,0.15,0.10,0.00,-0.09,-0.18,-0.03,0.06,0.00,-0.15,0.00,0.24,,,,,,,,,,,,,,,,,,,,,,,,,,,,,,,,,,,,,,,,,,,,
1910,0.40,0.15,0.10,0.00,-0.09,-0.18,-0.03,0.06,-0.01,-0.08,0.00,0.32,,,,,,,,,,,,,,,,,,,,,,,,,,,,,,,,,,,,,,,,,,,,
1911,0.40,0.16,0.10,0.00,-0.09,-0.18,-0.03,0.06,-0.03,-0.05,0.00,0.33,,,,,,,,,,,,,,,,,,,,,,,,,,,,,,,,,,,,,,,,,,,,
1912,0.41,0.16,0.10,0.00,-0.09,-0.18,-0.03,0.06,-0.05,-0.03,0.00,0.35,,,,,,,,,,,,,,,,,,,,,,,,,,,,,,,,,,,,,,,,,,,,
1913,0.41,0.16,0.10,0.00,-0.09,-0.18,-0.04,0.06,-0.04,-0.80,0.00,-0.42,,,,,,,,,,,,,,,,,,,,,,,,,,,,,,,,,,,,,,,,,,,,
1914,0.42,0.17,0.10,0.00,-0.09,-0.18,-0.04,0.06,-0.03,-0.35,0.00,0.05,,,,,,,,,,,,,,,,,,,,,,,,,,,,,,,,,,,,,,,,,,,,
1915,0.43,0.17,0.10,0.00,-0.10,-0.17,-0.04,0.06,0.01,-0.15,0.00,0.31,,,,,,,,,,,,,,,,,,,,,,,,,,,,,,,,,,,,,,,,,,,,
1916,0.44,0.18,0.10,0.00,-0.10,-0.17,-0.04,0.06,0.07,-0.10,0.00,0.43,,,,,,,,,,,,,,,,,,,,,,,,,,,,,,,,,,,,,,,,,,,,
1917,0.45,0.18,0.10,0.00,-0.10,-0.18,-0.04,0.06,0.09,-0.08,0.00,0.48,,,,,,,,,,,,,,,,,,,,,,,,,,,,,,,,,,,,,,,,,,,,
1918,0.45,0.19,0.11,0.00,-0.10,-0.18,-0.04,0.06,0.12,-0.05,0.00,0.56,,,,,,,,,,,,,,,,,,,,,,,,,,,,,,,,,,,,,,,,,,,,
1919,0.46,0.19,0.11,0.00,-0.10,-0.17,-0.04,0.06,0.07,-0.03,0.00,0.55,,,,,,,,,,,,,,,,,,,,,,,,,,,,,,,,,,,,,,,,,,,,
1920,0.47,0.19,0.11,0.00,-0.10,-0.18,-0.03,0.06,0.04,-0.03,0.00,0.53,,,,,,,,,,,,,,,,,,,,,,,,,,,,,,,,,,,,,,,,,,,,
1921,0.47,0.20,0.11,0.00,-0.10,-0.18,-0.03,0.06,0.01,-0.30,0.00,0.24,,,,,,,,,,,,,,,,,,,,,,,,,,,,,,,,,,,,,,,,,,,,
1922,0.48,0.20,0.11,0.00,-0.10,-0.18,-0.03,0.07,-0.01,-0.10,0.00,0.42,,,,,,,,,,,,,,,,,,,,,,,,,,,,,,,,,,,,,,,,,,,,
1923,0.48,0.20,0.11,0.00,-0.11,-0.18,-0.03,0.06,-0.03,-0.05,0.00,0.46,,,,,,,,,,,,,,,,,,,,,,,,,,,,,,,,,,,,,,,,,,,,
1924,0.49,0.20,0.11,0.00,-0.11,-0.18,-0.03,0.06,-0.03,-0.08,0.00,0.43,,,,,,,,,,,,,,,,,,,,,,,,,,,,,,,,,,,,,,,,,,,,
1925,0.49,0.21,0.11,0.00,-0.11,-0.19,-0.03,0.06,-0.02,-0.08,0.00,0.45,,,,,,,,,,,,,,,,,,,,,,,,,,,,,,,,,,,,,,,,,,,,
1926,0.50,0.21,0.12,0.00,-0.11,-0.19,-0.03,0.06,0.02,-0.05,0.00,0.52,,,,,,,,,,,,,,,,,,,,,,,,,,,,,,,,,,,,,,,,,,,,
1927,0.50,0.21,0.12,0.00,-0.11,-0.19,-0.03,0.06,0.06,-0.05,0.00,0.57,,,,,,,,,,,,,,,,,,,,,,,,,,,,,,,,,,,,,,,,,,,,
1928,0.51,0.21,0.12,0.00,-0.11,-0.19,-0.03,0.06,0.03,-0.05,0.00,0.55,,,,,,,,,,,,,,,,,,,,,,,,,,,,,,,,,,,,,,,,,,,,
1929,0.52,0.22,0.12,0.00,-0.12,-0.19,-0.03,0.06,0.03,-0.23,0.00,0.38,,,,,,,,,,,,,,,,,,,,,,,,,,,,,,,,,,,,,,,,,,,,
1930,0.52,0.22,0.12,0.00,-0.12,-0.19,-0.03,0.06,0.05,-0.20,0.00,0.43,,,,,,,,,,,,,,,,,,,,,,,,,,,,,,,,,,,,,,,,,,,,
1931,0.53,0.23,0.12,0.00,-0.12,-0.19,-0.03,0.06,0.01,-0.13,0.00,0.49,,,,,,,,,,,,,,,,,,,,,,,,,,,,,,,,,,,,,,,,,,,,
1932,0.54,0.23,0.12,0.00,-0.12,-0.19,-0.02,0.07,-0.02,-0.13,0.00,0.48,,,,,,,,,,,,,,,,,,,,,,,,,,,,,,,,,,,,,,,,,,,,
1933,0.54,0.23,0.13,0.00,-0.12,-0.19,-0.02,0.07,-0.03,-0.25,0.00,0.35,,,,,,,,,,,,,,,,,,,,,,,,,,,,,,,,,,,,,,,,,,,,
1934,0.55,0.24,0.13,0.00,-0.12,-0.19,-0.02,0.07,-0.03,-0.10,0.00,0.51,,,,,,,,,,,,,,,,,,,,,,,,,,,,,,,,,,,,,,,,,,,,
1935,0.56,0.24,0.13,0.00,-0.12,-0.19,-0.03,0.07,-0.01,-0.13,0.00,0.52,,,,,,,,,,,,,,,,,,,,,,,,,,,,,,,,,,,,,,,,,,,,
1936,0.56,0.24,0.13,0.00,-0.13,-0.19,-0.02,0.07,0.07,-0.08,0.00,0.65,,,,,,,,,,,,,,,,,,,,,,,,,,,,,,,,,,,,,,,,,,,,
1937,0.57,0.25,0.14,0.00,-0.13,-0.20,-0.03,0.07,0.09,-0.08,0.00,0.68,,,,,,,,,,,,,,,,,,,,,,,,,,,,,,,,,,,,,,,,,,,,
1938,0.58,0.25,0.14,0.00,-0.13,-0.20,-0.03,0.08,0.08,-0.08,0.00,0.69,,,,,,,,,,,,,,,,,,,,,,,,,,,,,,,,,,,,,,,,,,,,
1939,0.58,0.25,0.14,0.00,-0.13,-0.20,-0.03,0.08,0.09,-0.13,0.00,0.67,,,,,,,,,,,,,,,,,,,,,,,,,,,,,,,,,,,,,,,,,,,,
1940,0.59,0.26,0.14,0.00,-0.13,-0.20,-0.03,0.08,0.07,-0.08,0.00,0.70,,,,,,,,,,,,,,,,,,,,,,,,,,,,,,,,,,,,,,,,,,,,
1941,0.60,0.26,0.14,0.00,-0.13,-0.20,-0.03,0.08,0.06,-0.08,0.00,0.69,,,,,,,,,,,,,,,,,,,,,,,,,,,,,,,,,,,,,,,,,,,,
1942,0.60,0.26,0.15,0.00,-0.14,-0.20,-0.02,0.08,0.03,-0.08,0.00,0.67,,,,,,,,,,,,,,,,,,,,,,,,,,,,,,,,,,,,,,,,,,,,
1943,0.60,0.27,0.15,0.00,-0.14,-0.21,-0.02,0.08,-0.01,-0.15,0.00,0.57,,,,,,,,,,,,,,,,,,,,,,,,,,,,,,,,,,,,,,,,,,,,
1944,0.60,0.27,0.15,0.00,-0.14,-0.21,-0.02,0.08,-0.01,-0.08,0.00,0.64,,,,,,,,,,,,,,,,,,,,,,,,,,,,,,,,,,,,,,,,,,,,
1945,0.60,0.27,0.15,0.00,-0.15,-0.21,-0.02,0.08,0.02,-0.08,0.00,0.67,,,,,,,,,,,,,,,,,,,,,,,,,,,,,,,,,,,,,,,,,,,,
1946,0.60,0.28,0.15,-0.01,-0.15,-0.21,-0.02,0.08,0.03,-0.05,0.00,0.70,,,,,,,,,,,,,,,,,,,,,,,,,,,,,,,,,,,,,,,,,,,,
1947,0.60,0.28,0.16,-0.01,-0.15,-0.22,-0.01,0.07,0.09,-0.05,0.00,0.76,,,,,,,,,,,,,,,,,,,,,,,,,,,,,,,,,,,,,,,,,,,,
1948,0.60,0.28,0.16,-0.01,-0.16,-0.22,-0.01,0.07,0.15,-0.08,0.00,0.79,,,,,,,,,,,,,,,,,,,,,,,,,,,,,,,,,,,,,,,,,,,,
1949,0.60,0.29,0.16,-0.01,-0.16,-0.22,-0.01,0.07,0.12,-0.03,0.00,0.82,,,,,,,,,,,,,,,,,,,,,,,,,,,,,,,,,,,,,,,,,,,,
1950,0.60,0.29,0.16,-0.01,-0.17,-0.23,-0.01,0.07,0.11,-0.08,0.00,0.75,,,,,,,,,,,,,,,,,,,,,,,,,,,,,,,,,,,,,,,,,,,,
1951,0.61,0.30,0.17,-0.01,-0.17,-0.24,0.00,0.07,0.04,-0.05,0.00,0.72,,,,,,,,,,,,,,,,,,,,,,,,,,,,,,,,,,,,,,,,,,,,
1952,0.62,0.30,0.17,-0.01,-0.18,-0.25,0.02,0.07,0.05,-0.10,0.00,0.69,,,,,,,,,,,,,,,,,,,,,,,,,,,,,,,,,,,,,,,,,,,,
1953,0.62,0.31,0.18,-0.01,-0.18,-0.26,0.03,0.07,0.03,-0.08,0.00,0.71,,,,,,,,,,,,,,,,,,,,,,,,,,,,,,,,,,,,,,,,,,,,
1954,0.63,0.32,0.18,-0.01,-0.19,-0.26,0.03,0.07,0.00,-0.13,0.00,0.65,,,,,,,,,,,,,,,,,,,,,,,,,,,,,,,,,,,,,,,,,,,,
1955,0.64,0.32,0.19,-0.01,-0.19,-0.27,0.03,0.07,0.02,-0.05,0.00,0.75,,,,,,,,,,,,,,,,,,,,,,,,,,,,,,,,,,,,,,,,,,,,
1956,0.65,0.33,0.19,-0.01,-0.20,-0.27,0.04,0.07,0.06,-0.05,0.00,0.81,,,,,,,,,,,,,,,,,,,,,,,,,,,,,,,,,,,,,,,,,,,,
1957,0.66,0.34,0.20,-0.01,-0.21,-0.28,0.04,0.07,0.13,-0.03,0.00,0.92,,,,,,,,,,,,,,,,,,,,,,,,,,,,,,,,,,,,,,,,,,,,
1958,0.67,0.35,0.20,-0.01,-0.22,-0.28,0.04,0.07,0.19,0.00,0.00,1.02,,,,,,,,,,,,,,,,,,,,,,,,,,,,,,,,,,,,,,,,,,,,
1959,0.69,0.36,0.21,-0.01,-0.23,-0.29,0.04,0.08,0.16,0.00,0.00,1.01,,,,,,,,,,,,,,,,,,,,,,,,,,,,,,,,,,,,,,,,,,,,
1960,0.70,0.37,0.21,-0.01,-0.23,-0.29,0.03,0.08,0.15,0.00,0.00,1.01,,,,,,,,,,,,,,,,,,,,,,,,,,,,,,,,,,,,,,,,,,,,
1961,0.71,0.37,0.22,-0.01,-0.24,-0.30,0.04,0.08,0.11,-0.20,0.00,0.79,,,,,,,,,,,,,,,,,,,,,,,,,,,,,,,,,,,,,,,,,,,,
1962,0.72,0.38,0.22,-0.01,-0.25,-0.30,0.04,0.08,0.05,-0.25,0.00,0.69,,,,,,,,,,,,,,,,,,,,,,,,,,,,,,,,,,,,,,,,,,,,
1963,0.73,0.39,0.23,-0.01,-0.25,-0.31,0.04,0.08,0.04,-0.30,0.00,0.64,,,,,,,,,,,,,,,,,,,,,,,,,,,,,,,,,,,,,,,,,,,,
1964,0.74,0.40,0.23,-0.01,-0.26,-0.31,0.05,0.08,0.02,-2.00,0.00,-1.07,,,,,,,,,,,,,,,,,,,,,,,,,,,,,,,,,,,,,,,,,,,,
1965,0.75,0.41,0.24,-0.01,-0.27,-0.32,0.05,0.09,0.01,-1.50,0.00,-0.56,,,,,,,,,,,,,,,,,,,,,,,,,,,,,,,,,,,,,,,,,,,,
1966,0.76,0.42,0.24,-0.01,-0.27,-0.32,0.05,0.09,0.01,-0.83,0.00,0.15,,,,,,,,,,,,,,,,,,,,,,,,,,,,,,,,,,,,,,,,,,,,
1967,0.78,0.44,0.25,-0.01,-0.28,-0.33,0.05,0.09,0.06,-0.35,0.00,0.69,,,,,,,,,,,,,,,,,,,,,,,,,,,,,,,,,,,,,,,,,,,,
1968,0.79,0.45,0.25,-0.01,-0.29,-0.33,0.05,0.09,0.09,-0.38,0.00,0.72,,,,,,,,,,,,,,,,,,,,,,,,,,,,,,,,,,,,,,,,,,,,
1969,0.81,0.47,0.26,-0.01,-0.29,-0.34,0.04,0.10,0.08,-1.08,0.00,0.04,,,,,,,,,,,,,,,,,,,,,,,,,,,,,,,,,,,,,,,,,,,,
1970,0.83,0.48,0.26,-0.01,-0.30,-0.34,0.04,0.11,0.09,-0.60,0.00,0.57,,,,,,,,,,,,,,,,,,,,,,,,,,,,,,,,,,,,,,,,,,,,
1971,0.85,0.50,0.27,-0.02,-0.30,-0.34,0.03,0.12,0.08,-0.23,0.00,0.97,,,,,,,,,,,,,,,,,,,,,,,,,,,,,,,,,,,,,,,,,,,,
1972,0.87,0.52,0.28,-0.02,-0.31,-0.34,0.02,0.13,0.08,-0.10,0.00,1.11,,,,,,,,,,,,,,,,,,,,,,,,,,,,,,,,,,,,,,,,,,,,
1973,0.89,0.54,0.28,-0.02,-0.32,-0.35,0.02,0.13,0.04,-0.15,0.00,1.06,,,,,,,,,,,,,,,,,,,,,,,,,,,,,,,,,,,,,,,,,,,,
1974,0.90,0.56,0.29,-0.02,-0.33,-0.35,0.02,0.13,0.02,-0.25,0.00,0.97,,,,,,,,,,,,,,,,,,,,,,,,,,,,,,,,,,,,,,,,,,,,
1975,0.92,0.58,0.30,-0.02,-0.34,-0.35,0.01,0.13,0.01,-0.58,0.00,0.66,,,,,,,,,,,,,,,,,,,,,,,,,,,,,,,,,,,,,,,,,,,,
1976,0.94,0.60,0.30,-0.02,-0.34,-0.36,0.02,0.13,0.00,-0.53,0.00,0.73,,,,,,,,,,,,,,,,,,,,,,,,,,,,,,,,,,,,,,,,,,,,
1977,0.96,0.62,0.31,-0.02,-0.35,-0.37,0.02,0.13,0.04,-0.20,0.00,1.14,,,,,,,,,,,,,,,,,,,,,,,,,,,,,,,,,,,,,,,,,,,,
1978,0.99,0.64,0.32,-0.03,-0.36,-0.37,0.02,0.13,0.13,-0.08,0.00,1.39,,,,,,,,,,,,,,,,,,,,,,,,,,,,,,,,,,,,,,,,,,,,
1979,1.02,0.66,0.32,-0.03,-0.36,-0.37,0.02,0.14,0.17,-0.33,0.00,1.23,,,,,,,,,,,,,,,,,,,,,,,,,,,,,,,,,,,,,,,,,,,,
1980,1.05,0.68,0.33,-0.03,-0.37,-0.38,0.02,0.14,0.15,-0.13,0.00,1.45,,,,,,,,,,,,,,,,,,,,,,,,,,,,,,,,,,,,,,,,,,,,
1981,1.07,0.70,0.34,-0.03,-0.38,-0.38,0.02,0.13,0.15,-0.13,0.00,1.48,,,,,,,,,,,,,,,,,,,,,,,,,,,,,,,,,,,,,,,,,,,,
1982,1.09,0.72,0.34,-0.03,-0.38,-0.39,0.03,0.13,0.09,-0.15,0.00,1.44,,,,,,,,,,,,,,,,,,,,,,,,,,,,,,,,,,,,,,,,,,,,
1983,1.11,0.74,0.34,-0.04,-0.39,-0.40,0.04,0.13,0.09,-2.40,0.00,-0.77,,,,,,,,,,,,,,,,,,,,,,,,,,,,,,,,,,,,,,,,,,,,
1984,1.14,0.76,0.35,-0.04,-0.40,-0.40,0.04,0.14,0.02,-1.13,0.00,0.47,,,,,,,,,,,,,,,,,,,,,,,,,,,,,,,,,,,,,,,,,,,,
1985,1.16,0.78,0.35,-0.04,-0.40,-0.41,0.04,0.15,0.01,-0.40,0.00,1.23,,,,,,,,,,,,,,,,,,,,,,,,,,,,,,,,,,,,,,,,,,,,
1986,1.18,0.80,0.36,-0.04,-0.41,-0.41,0.04,0.16,0.01,-0.38,0.00,1.30,,,,,,,,,,,,,,,,,,,,,,,,,,,,,,,,,,,,,,,,,,,,
1987,1.21,0.81,0.36,-0.04,-0.41,-0.42,0.03,0.16,0.02,-0.30,0.00,1.42,,,,,,,,,,,,,,,,,,,,,,,,,,,,,,,,,,,,,,,,,,,,
1988,1.24,0.83,0.37,-0.04,-0.42,-0.42,0.03,0.17,0.10,-0.23,0.00,1.62,,,,,,,,,,,,,,,,,,,,,,,,,,,,,,,,,,,,,,,,,,,,
1989,1.27,0.85,0.37,-0.05,-0.42,-0.42,0.03,0.17,0.15,-0.18,0.00,1.77,,,,,,,,,,,,,,,,,,,,,,,,,,,,,,,,,,,,,,,,,,,,
1990,1.29,0.87,0.37,-0.05,-0.42,-0.43,0.02,0.18,0.12,-0.15,0.00,1.80,,,,,,,,,,,,,,,,,,,,,,,,,,,,,,,,,,,,,,,,,,,,
1991,1.31,0.89,0.38,-0.05,-0.42,-0.43,0.03,0.17,0.13,-0.15,0.00,1.85,,,,,,,,,,,,,,,,,,,,,,,,,,,,,,,,,,,,,,,,,,,,
1992,1.32,0.90,0.38,-0.05,-0.42,-0.43,0.04,0.16,0.14,-3.70,0.00,-1.67,,,,,,,,,,,,,,,,,,,,,,,,,,,,,,,,,,,,,,,,,,,,
1993,1.33,0.91,0.38,-0.05,-0.41,-0.43,0.04,0.16,0.06,-1.85,0.00,0.13,,,,,,,,,,,,,,,,,,,,,,,,,,,,,,,,,,,,,,,,,,,,
1994,1.35,0.92,0.38,-0.06,-0.40,-0.43,0.04,0.15,0.03,-0.73,0.00,1.25,,,,,,,,,,,,,,,,,,,,,,,,,,,,,,,,,,,,,,,,,,,,
1995,1.38,0.92,0.38,-0.06,-0.39,-0.43,0.04,0.15,0.02,-0.30,0.00,1.71,,,,,,,,,,,,,,,,,,,,,,,,,,,,,,,,,,,,,,,,,,,,
1996,1.40,0.93,0.38,-0.06,-0.39,-0.43,0.04,0.15,0.00,-0.18,0.00,1.86,,,,,,,,,,,,,,,,,,,,,,,,,,,,,,,,,,,,,,,,,,,,
1997,1.43,0.94,0.38,-0.06,-0.39,-0.44,0.04,0.15,0.02,-0.15,0.00,1.92,,,,,,,,,,,,,,,,,,,,,,,,,,,,,,,,,,,,,,,,,,,,
1998,1.46,0.94,0.39,-0.06,-0.39,-0.44,0.03,0.14,0.06,-0.10,0.00,2.05,,,,,,,,,,,,,,,,,,,,,,,,,,,,,,,,,,,,,,,,,,,,
1999,1.49,0.95,0.39,-0.06,-0.38,-0.44,0.03,0.14,0.10,-0.05,0.00,2.17,,,,,,,,,,,,,,,,,,,,,,,,,,,,,,,,,,,,,,,,,,,,
2000,1.51,0.96,0.39,-0.06,-0.38,-0.44,0.02,0.14,0.13,-0.05,0.00,2.21,,,,,,,,,,,,,,,,,,,,,,,,,,,,,,,,,,,,,,,,,,,,
2001,1.53,0.96,0.39,-0.06,-0.39,-0.44,0.02,0.14,0.11,-0.05,0.00,2.22,,,,,,,,,,,,,,,,,,,,,,,,,,,,,,,,,,,,,,,,,,,,
2002,1.56,0.97,0.39,-0.06,-0.39,-0.45,0.02,0.14,0.11,-0.05,0.00,2.25,,,,,,,,,,,,,,,,,,,,,,,,,,,,,,,,,,,,,,,,,,,,
2003,1.59,0.97,0.39,-0.05,-0.39,-0.45,0.03,0.15,0.04,-0.08,0.00,2.20,,,,,,,,,,,,,,,,,,,,,,,,,,,,,,,,,,,,,,,,,,,,
2004,1.62,0.97,0.39,-0.05,-0.40,-0.45,0.03,0.15,0.01,-0.08,0.00,2.20,,,,,,,,,,,,,,,,,,,,,,,,,,,,,,,,,,,,,,,,,,,,
2005,1.65,0.98,0.39,-0.05,-0.40,-0.45,0.03,0.15,-0.01,-0.08,0.00,2.22,,,,,,,,,,,,,,,,,,,,,,,,,,,,,,,,,,,,,,,,,,,,
2006,1.68,0.98,0.40,-0.05,-0.40,-0.45,0.02,0.18,-0.02,-0.08,0.00,2.27,,,,,,,,,,,,,,,,,,,,,,,,,,,,,,,,,,,,,,,,,,,,
2007,1.71,0.99,0.40,-0.05,-0.40,-0.45,0.02,0.21,-0.02,-0.13,0.00,2.28,,,,,,,,,,,,,,,,,,,,,,,,,,,,,,,,,,,,,,,,,,,,
2008,1.74,0.99,0.40,-0.05,-0.40,-0.45,0.01,0.24,-0.03,-0.10,0.00,2.35,,,,,,,,,,,,,,,,,,,,,,,,,,,,,,,,,,,,,,,,,,,,
2009,1.76,1.00,0.40,-0.05,-0.40,-0.45,0.01,0.27,-0.03,-0.10,0.00,2.42,,,,,,,,,,,,,,,,,,,,,,,,,,,,,,,,,,,,,,,,,,,,
2010,1.79,1.01,0.40,-0.05,-0.40,-0.44,0.00,0.30,0.00,-0.10,0.00,2.50,,,,,,,,,,,,,,,,,,,,,,,,,,,,,,,,,,,,,,,,,,,,
2011,1.82,1.02,0.40,-0.05,-0.40,-0.44,0.00,0.31,0.03,-0.10,0.00,2.58,,,,,,,,,,,,,,,,,,,,,,,,,,,,,,,,,,,,,,,,,,,,
2012,1.85,1.02,0.39,-0.04,-0.39,-0.44,0.01,0.26,0.05,-0.07,0.00,2.64,,,,,,,,,,,,,,,,,,,,,,,,,,,,,,,,,,,,,,,,,,,,
2013,1.88,1.03,0.39,-0.04,-0.38,-0.44,0.03,0.20,0.06,-0.04,0.00,2.70,,,,,,,RCP 2.6,,,,,,,,,,,RCP 4.5,,,,,,,,,,,RCP 6.0,,,,,,,,,,,RCP 8.5,,,,
2014,1.91,1.03,0.38,-0.03,-0.37,-0.43,0.05,0.15,0.08,0.00,0.00,2.75,,1.92 ,1.03 ,0.38 ,-0.03 ,-0.36 ,-0.44 ,0.05 ,0.16 ,0.08 ,0.00 ,,1.91 ,1.03 ,0.38 ,-0.03 ,-0.37 ,-0.43 ,0.05 ,0.15 ,0.08 ,0.00 ,,1.90 ,1.03 ,0.38 ,-0.03 ,-0.38 ,-0.44 ,0.03 ,0.14 ,0.08 ,0.00 ,,1.93 ,1.05 ,0.39 ,-0.03 ,-0.34 ,-0.44 ,0.03 ,0.14 ,0.08 ,0.00 
2015,1.94,1.03,0.38,-0.03,-0.37,-0.43,0.05,0.15,0.03,0.00,0.00,2.75,,1.92 ,1.03 ,0.38 ,-0.03 ,-0.36 ,-0.44 ,0.05 ,0.16 ,0.08 ,0.00 ,,1.94 ,1.03 ,0.38 ,-0.03 ,-0.37 ,-0.43 ,0.05 ,0.15 ,0.03 ,0.00 ,,1.93 ,1.04 ,0.38 ,-0.03 ,-0.37 ,-0.44 ,0.03 ,0.14 ,0.03 ,0.00 ,,1.96 ,1.06 ,0.40 ,-0.03 ,-0.34 ,-0.44 ,0.03 ,0.14 ,0.03 ,0.00 
2016,1.97,1.04,0.37,-0.03,-0.37,-0.43,0.05,0.15,0.01,0.00,0.00,2.76,,1.92 ,1.03 ,0.38 ,-0.03 ,-0.36 ,-0.44 ,0.05 ,0.16 ,0.08 ,0.00 ,,1.97 ,1.04 ,0.37 ,-0.03 ,-0.37 ,-0.43 ,0.05 ,0.15 ,0.01 ,0.00 ,,1.96 ,1.04 ,0.38 ,-0.03 ,-0.37 ,-0.44 ,0.03 ,0.14 ,0.01 ,0.00 ,,2.00 ,1.07 ,0.40 ,-0.03 ,-0.34 ,-0.44 ,0.03 ,0.14 ,0.01 ,0.00 
2017,1.92,1.03,0.38,-0.03,-0.36,-0.44,0.05,0.16,0.08,0.00,0.00,2.79,,1.92 ,1.03 ,0.38 ,-0.03 ,-0.36 ,-0.44 ,0.05 ,0.16 ,0.08 ,0.00 ,,2.00 ,1.04 ,0.37 ,-0.03 ,-0.36 ,-0.42 ,0.05 ,0.15 ,-0.01 ,0.00 ,,1.99 ,1.04 ,0.38 ,-0.03 ,-0.36 ,-0.44 ,0.03 ,0.14 ,-0.01 ,0.00 ,,2.03 ,1.08 ,0.40 ,-0.03 ,-0.34 ,-0.44 ,0.03 ,0.14 ,-0.01 ,0.00 
2018,1.92,1.03,0.38,-0.03,-0.36,-0.44,0.05,0.16,0.08,0.00,0.00,2.79,,1.92 ,1.03 ,0.38 ,-0.03 ,-0.36 ,-0.44 ,0.05 ,0.16 ,0.08 ,0.00 ,,2.03 ,1.05 ,0.37 ,-0.03 ,-0.36 ,-0.42 ,0.05 ,0.15 ,-0.02 ,0.00 ,,2.01 ,1.04 ,0.37 ,-0.03 ,-0.36 ,-0.44 ,0.03 ,0.14 ,-0.02 ,0.00 ,,2.07 ,1.09 ,0.41 ,-0.03 ,-0.33 ,-0.44 ,0.02 ,0.14 ,-0.02 ,0.00 
2019,1.92,1.03,0.38,-0.03,-0.36,-0.44,0.05,0.16,0.08,0.00,0.00,2.79,,1.92 ,1.03 ,0.38 ,-0.03 ,-0.36 ,-0.44 ,0.05 ,0.16 ,0.08 ,0.00 ,,2.06 ,1.05 ,0.37 ,-0.02 ,-0.36 ,-0.42 ,0.06 ,0.15 ,-0.03 ,0.00 ,,2.04 ,1.05 ,0.37 ,-0.02 ,-0.35 ,-0.44 ,0.03 ,0.14 ,-0.03 ,0.00 ,,2.11 ,1.10 ,0.41 ,-0.02 ,-0.33 ,-0.44 ,0.02 ,0.14 ,-0.03 ,0.00 
2020,1.92,1.03,0.38,-0.03,-0.36,-0.44,0.05,0.16,0.08,0.00,0.00,2.79,,1.92 ,1.03 ,0.38 ,-0.03 ,-0.36 ,-0.44 ,0.05 ,0.16 ,0.08 ,0.00 ,,2.09 ,1.05 ,0.37 ,-0.02 ,-0.35 ,-0.42 ,0.06 ,0.15 ,0.02 ,0.00 ,,2.06 ,1.05 ,0.37 ,-0.02 ,-0.35 ,-0.43 ,0.03 ,0.14 ,0.02 ,0.00 ,,2.15 ,1.11 ,0.41 ,-0.02 ,-0.33 ,-0.44 ,0.02 ,0.14 ,0.02 ,0.00 
2021,1.92,1.03,0.38,-0.03,-0.36,-0.44,0.05,0.16,0.08,0.00,0.00,2.79,,1.92 ,1.03 ,0.38 ,-0.03 ,-0.36 ,-0.44 ,0.05 ,0.16 ,0.08 ,0.00 ,,2.12 ,1.06 ,0.37 ,-0.02 ,-0.35 ,-0.42 ,0.06 ,0.15 ,0.09 ,0.00 ,,2.09 ,1.05 ,0.37 ,-0.02 ,-0.34 ,-0.43 ,0.03 ,0.14 ,0.09 ,0.00 ,,2.19 ,1.13 ,0.41 ,-0.02 ,-0.33 ,-0.44 ,0.02 ,0.14 ,0.09 ,0.00 
2022,1.92,1.03,0.38,-0.03,-0.36,-0.44,0.05,0.16,0.08,0.00,0.00,2.79,,1.92 ,1.03 ,0.38 ,-0.03 ,-0.36 ,-0.44 ,0.05 ,0.16 ,0.08 ,0.00 ,,2.15 ,1.06 ,0.37 ,-0.02 ,-0.34 ,-0.41 ,0.06 ,0.15 ,0.13 ,0.00 ,,2.11 ,1.05 ,0.37 ,-0.02 ,-0.34 ,-0.43 ,0.03 ,0.14 ,0.13 ,0.00 ,,2.23 ,1.14 ,0.42 ,-0.02 ,-0.32 ,-0.43 ,0.02 ,0.13 ,0.13 ,0.00 
2023,1.92,1.03,0.38,-0.03,-0.36,-0.44,0.05,0.16,0.08,0.00,0.00,2.79,,1.92 ,1.03 ,0.38 ,-0.03 ,-0.36 ,-0.44 ,0.05 ,0.16 ,0.08 ,0.00 ,,2.18 ,1.06 ,0.37 ,-0.02 ,-0.33 ,-0.41 ,0.06 ,0.15 ,0.14 ,0.00 ,,2.14 ,1.05 ,0.37 ,-0.02 ,-0.33 ,-0.43 ,0.03 ,0.14 ,0.14 ,0.00 ,,2.26 ,1.15 ,0.42 ,-0.02 ,-0.32 ,-0.43 ,0.02 ,0.13 ,0.14 ,0.00 
2024,1.92,1.03,0.38,-0.03,-0.36,-0.44,0.05,0.16,0.08,0.00,0.00,2.79,,1.92 ,1.03 ,0.38 ,-0.03 ,-0.36 ,-0.44 ,0.05 ,0.16 ,0.08 ,0.00 ,,2.21 ,1.07 ,0.37 ,-0.02 ,-0.33 ,-0.41 ,0.06 ,0.15 ,0.12 ,0.00 ,,2.16 ,1.05 ,0.37 ,-0.02 ,-0.33 ,-0.43 ,0.03 ,0.14 ,0.12 ,0.00 ,,2.31 ,1.16 ,0.42 ,-0.02 ,-0.31 ,-0.43 ,0.02 ,0.13 ,0.12 ,0.00 
2025,1.92,1.03,0.38,-0.03,-0.36,-0.44,0.05,0.16,0.08,0.00,0.00,2.79,,1.92 ,1.03 ,0.38 ,-0.03 ,-0.36 ,-0.44 ,0.05 ,0.16 ,0.08 ,0.00 ,,2.24 ,1.07 ,0.37 ,-0.02 ,-0.32 ,-0.41 ,0.06 ,0.14 ,0.08 ,0.00 ,,2.19 ,1.05 ,0.37 ,-0.02 ,-0.32 ,-0.42 ,0.04 ,0.14 ,0.08 ,0.00 ,,2.35 ,1.17 ,0.42 ,-0.02 ,-0.31 ,-0.43 ,0.02 ,0.13 ,0.08 ,0.00 
2026,1.92,1.03,0.38,-0.03,-0.36,-0.44,0.05,0.16,0.08,0.00,0.00,2.79,,1.92 ,1.03 ,0.38 ,-0.03 ,-0.36 ,-0.44 ,0.05 ,0.16 ,0.08 ,0.00 ,,2.27 ,1.07 ,0.37 ,-0.01 ,-0.32 ,-0.41 ,0.06 ,0.14 ,0.03 ,0.00 ,,2.21 ,1.06 ,0.37 ,-0.01 ,-0.31 ,-0.42 ,0.04 ,0.14 ,0.03 ,0.00 ,,2.39 ,1.18 ,0.42 ,-0.01 ,-0.31 ,-0.43 ,0.01 ,0.13 ,0.03 ,0.00 
2027,1.92,1.03,0.38,-0.03,-0.36,-0.44,0.05,0.16,0.08,0.00,0.00,2.79,,1.92 ,1.03 ,0.38 ,-0.03 ,-0.36 ,-0.44 ,0.05 ,0.16 ,0.08 ,0.00 ,,2.30 ,1.08 ,0.37 ,-0.01 ,-0.31 ,-0.40 ,0.06 ,0.14 ,0.01 ,0.00 ,,2.24 ,1.06 ,0.37 ,-0.01 ,-0.31 ,-0.42 ,0.04 ,0.13 ,0.01 ,0.00 ,,2.43 ,1.19 ,0.42 ,-0.01 ,-0.30 ,-0.43 ,0.01 ,0.13 ,0.01 ,0.00 
2028,1.92,1.03,0.38,-0.03,-0.36,-0.44,0.05,0.16,0.08,0.00,0.00,2.79,,1.92 ,1.03 ,0.38 ,-0.03 ,-0.36 ,-0.44 ,0.05 ,0.16 ,0.08 ,0.00 ,,2.33 ,1.08 ,0.37 ,-0.01 ,-0.31 ,-0.40 ,0.06 ,0.14 ,-0.01 ,0.00 ,,2.26 ,1.06 ,0.37 ,-0.01 ,-0.30 ,-0.42 ,0.04 ,0.13 ,-0.01 ,0.00 ,,2.47 ,1.21 ,0.42 ,-0.01 ,-0.30 ,-0.43 ,0.01 ,0.13 ,-0.01 ,0.00 
2029,1.92,1.03,0.38,-0.03,-0.36,-0.44,0.05,0.16,0.08,0.00,0.00,2.79,,1.92 ,1.03 ,0.38 ,-0.03 ,-0.36 ,-0.44 ,0.05 ,0.16 ,0.08 ,0.00 ,,2.36 ,1.08 ,0.37 ,-0.01 ,-0.30 ,-0.40 ,0.06 ,0.14 ,-0.02 ,0.00 ,,2.29 ,1.06 ,0.36 ,-0.01 ,-0.29 ,-0.42 ,0.04 ,0.13 ,-0.02 ,0.00 ,,2.51 ,1.22 ,0.42 ,-0.01 ,-0.30 ,-0.42 ,0.01 ,0.13 ,-0.02 ,0.00 
2030,1.92,1.03,0.38,-0.03,-0.36,-0.44,0.05,0.16,0.08,0.00,0.00,2.79,,1.92 ,1.03 ,0.38 ,-0.03 ,-0.36 ,-0.44 ,0.05 ,0.16 ,0.08 ,0.00 ,,2.39 ,1.08 ,0.37 ,-0.01 ,-0.30 ,-0.40 ,0.06 ,0.14 ,-0.03 ,0.00 ,,2.31 ,1.07 ,0.36 ,-0.01 ,-0.29 ,-0.42 ,0.04 ,0.13 ,-0.03 ,0.00 ,,2.56 ,1.23 ,0.43 ,-0.01 ,-0.29 ,-0.42 ,0.01 ,0.12 ,-0.03 ,0.00 
2031,1.92,1.03,0.38,-0.03,-0.36,-0.44,0.05,0.16,0.08,0.00,0.00,2.79,,1.92 ,1.03 ,0.38 ,-0.03 ,-0.36 ,-0.44 ,0.05 ,0.16 ,0.08 ,0.00 ,,2.42 ,1.08 ,0.37 ,-0.01 ,-0.29 ,-0.40 ,0.06 ,0.14 ,0.02 ,0.00 ,,2.34 ,1.07 ,0.36 ,-0.01 ,-0.29 ,-0.42 ,0.04 ,0.13 ,0.02 ,0.00 ,,2.60 ,1.24 ,0.43 ,-0.01 ,-0.29 ,-0.42 ,0.01 ,0.12 ,0.02 ,0.00 
2032,1.92,1.03,0.38,-0.03,-0.36,-0.44,0.05,0.16,0.08,0.00,0.00,2.79,,1.92 ,1.03 ,0.38 ,-0.03 ,-0.36 ,-0.44 ,0.05 ,0.16 ,0.08 ,0.00 ,,2.45 ,1.09 ,0.37 ,-0.01 ,-0.28 ,-0.39 ,0.06 ,0.14 ,0.09 ,0.00 ,,2.36 ,1.07 ,0.36 ,-0.01 ,-0.29 ,-0.42 ,0.04 ,0.13 ,0.09 ,0.00 ,,2.64 ,1.25 ,0.43 ,-0.01 ,-0.28 ,-0.42 ,0.01 ,0.12 ,0.09 ,0.00 
2033,1.92,1.03,0.38,-0.03,-0.36,-0.44,0.05,0.16,0.08,0.00,0.00,2.79,,1.92 ,1.03 ,0.38 ,-0.03 ,-0.36 ,-0.44 ,0.05 ,0.16 ,0.08 ,0.00 ,,2.48 ,1.09 ,0.37 ,-0.01 ,-0.28 ,-0.39 ,0.06 ,0.13 ,0.13 ,0.00 ,,2.39 ,1.07 ,0.36 ,-0.01 ,-0.29 ,-0.42 ,0.04 ,0.13 ,0.13 ,0.00 ,,2.69 ,1.27 ,0.43 ,-0.01 ,-0.27 ,-0.41 ,0.01 ,0.12 ,0.13 ,0.00 
2034,1.92,1.03,0.38,-0.03,-0.36,-0.44,0.05,0.16,0.08,0.00,0.00,2.79,,1.92 ,1.03 ,0.38 ,-0.03 ,-0.36 ,-0.44 ,0.05 ,0.16 ,0.08 ,0.00 ,,2.51 ,1.09 ,0.37 ,-0.01 ,-0.27 ,-0.39 ,0.06 ,0.13 ,0.14 ,0.00 ,,2.41 ,1.08 ,0.36 ,-0.01 ,-0.29 ,-0.42 ,0.04 ,0.13 ,0.14 ,0.00 ,,2.73 ,1.28 ,0.43 ,-0.01 ,-0.26 ,-0.41 ,0.01 ,0.12 ,0.14 ,0.00 
2035,1.92,1.03,0.38,-0.03,-0.36,-0.44,0.05,0.16,0.08,0.00,0.00,2.79,,1.92 ,1.03 ,0.38 ,-0.03 ,-0.36 ,-0.44 ,0.05 ,0.16 ,0.08 ,0.00 ,,2.54 ,1.09 ,0.37 ,-0.01 ,-0.27 ,-0.39 ,0.06 ,0.13 ,0.12 ,0.00 ,,2.44 ,1.08 ,0.36 ,-0.01 ,-0.29 ,-0.42 ,0.04 ,0.13 ,0.12 ,0.00 ,,2.78 ,1.29 ,0.43 ,-0.01 ,-0.26 ,-0.41 ,0.01 ,0.11 ,0.12 ,0.00 
2036,1.92,1.03,0.38,-0.03,-0.36,-0.44,0.05,0.16,0.08,0.00,0.00,2.79,,1.92 ,1.03 ,0.38 ,-0.03 ,-0.36 ,-0.44 ,0.05 ,0.16 ,0.08 ,0.00 ,,2.58 ,1.09 ,0.36 ,-0.01 ,-0.26 ,-0.38 ,0.06 ,0.13 ,0.08 ,0.00 ,,2.47 ,1.08 ,0.36 ,-0.01 ,-0.29 ,-0.42 ,0.04 ,0.13 ,0.08 ,0.00 ,,2.83 ,1.30 ,0.43 ,-0.01 ,-0.25 ,-0.40 ,0.01 ,0.11 ,0.08 ,0.00 
2037,1.92,1.03,0.38,-0.03,-0.36,-0.44,0.05,0.16,0.08,0.00,0.00,2.79,,1.92 ,1.03 ,0.38 ,-0.03 ,-0.36 ,-0.44 ,0.05 ,0.16 ,0.08 ,0.00 ,,2.61 ,1.09 ,0.36 ,0.00 ,-0.25 ,-0.38 ,0.06 ,0.13 ,0.03 ,0.00 ,,2.49 ,1.08 ,0.37 ,0.00 ,-0.29 ,-0.42 ,0.04 ,0.13 ,0.03 ,0.00 ,,2.87 ,1.32 ,0.43 ,0.00 ,-0.24 ,-0.40 ,0.01 ,0.11 ,0.03 ,0.00 
2038,1.92,1.03,0.38,-0.03,-0.36,-0.44,0.05,0.16,0.08,0.00,0.00,2.79,,1.92 ,1.03 ,0.38 ,-0.03 ,-0.36 ,-0.44 ,0.05 ,0.16 ,0.08 ,0.00 ,,2.64 ,1.09 ,0.36 ,0.00 ,-0.25 ,-0.38 ,0.06 ,0.13 ,0.01 ,0.00 ,,2.52 ,1.08 ,0.37 ,0.00 ,-0.29 ,-0.42 ,0.03 ,0.13 ,0.01 ,0.00 ,,2.92 ,1.33 ,0.43 ,0.00 ,-0.24 ,-0.40 ,0.01 ,0.11 ,0.01 ,0.00 
2039,1.92,1.03,0.38,-0.03,-0.36,-0.44,0.05,0.16,0.08,0.00,0.00,2.79,,1.92 ,1.03 ,0.38 ,-0.03 ,-0.36 ,-0.44 ,0.05 ,0.16 ,0.08 ,0.00 ,,2.67 ,1.09 ,0.36 ,0.00 ,-0.24 ,-0.38 ,0.06 ,0.13 ,-0.01 ,0.00 ,,2.55 ,1.08 ,0.37 ,0.00 ,-0.29 ,-0.42 ,0.03 ,0.13 ,-0.01 ,0.00 ,,2.97 ,1.34 ,0.43 ,0.00 ,-0.23 ,-0.40 ,0.01 ,0.10 ,-0.01 ,0.00 
2040,1.92,1.03,0.38,-0.03,-0.36,-0.44,0.05,0.16,0.08,0.00,0.00,2.79,,1.92 ,1.03 ,0.38 ,-0.03 ,-0.36 ,-0.44 ,0.05 ,0.16 ,0.08 ,0.00 ,,2.70 ,1.09 ,0.36 ,0.00 ,-0.24 ,-0.37 ,0.06 ,0.13 ,-0.02 ,0.00 ,,2.58 ,1.09 ,0.37 ,0.00 ,-0.29 ,-0.42 ,0.03 ,0.13 ,-0.02 ,0.00 ,,3.02 ,1.35 ,0.43 ,0.00 ,-0.22 ,-0.39 ,0.01 ,0.10 ,-0.02 ,0.00 
2041,1.92,1.03,0.38,-0.03,-0.36,-0.44,0.05,0.16,0.08,0.00,0.00,2.79,,1.92 ,1.03 ,0.38 ,-0.03 ,-0.36 ,-0.44 ,0.05 ,0.16 ,0.08 ,0.00 ,,2.73 ,1.09 ,0.36 ,0.00 ,-0.23 ,-0.37 ,0.06 ,0.12 ,-0.03 ,0.00 ,,2.61 ,1.09 ,0.37 ,0.00 ,-0.29 ,-0.42 ,0.03 ,0.13 ,-0.03 ,0.00 ,,3.07 ,1.36 ,0.43 ,0.00 ,-0.22 ,-0.39 ,0.01 ,0.10 ,-0.03 ,0.00 
2042,1.92,1.03,0.38,-0.03,-0.36,-0.44,0.05,0.16,0.08,0.00,0.00,2.79,,1.92 ,1.03 ,0.38 ,-0.03 ,-0.36 ,-0.44 ,0.05 ,0.16 ,0.08 ,0.00 ,,2.76 ,1.09 ,0.36 ,0.00 ,-0.22 ,-0.37 ,0.06 ,0.12 ,0.02 ,0.00 ,,2.64 ,1.09 ,0.37 ,0.00 ,-0.29 ,-0.42 ,0.03 ,0.13 ,0.02 ,0.00 ,,3.12 ,1.38 ,0.43 ,0.00 ,-0.21 ,-0.39 ,0.01 ,0.10 ,0.02 ,0.00 
2043,1.92,1.03,0.38,-0.03,-0.36,-0.44,0.05,0.16,0.08,0.00,0.00,2.79,,1.92 ,1.03 ,0.38 ,-0.03 ,-0.36 ,-0.44 ,0.05 ,0.16 ,0.08 ,0.00 ,,2.79 ,1.08 ,0.36 ,0.00 ,-0.22 ,-0.37 ,0.06 ,0.12 ,0.09 ,0.00 ,,2.67 ,1.09 ,0.37 ,0.00 ,-0.28 ,-0.41 ,0.03 ,0.13 ,0.09 ,0.00 ,,3.17 ,1.39 ,0.43 ,0.00 ,-0.21 ,-0.38 ,0.01 ,0.10 ,0.09 ,0.00 
2044,1.92,1.03,0.38,-0.03,-0.36,-0.44,0.05,0.16,0.08,0.00,0.00,2.79,,1.92 ,1.03 ,0.38 ,-0.03 ,-0.36 ,-0.44 ,0.05 ,0.16 ,0.08 ,0.00 ,,2.82 ,1.08 ,0.35 ,0.00 ,-0.21 ,-0.36 ,0.06 ,0.12 ,0.13 ,0.00 ,,2.70 ,1.09 ,0.37 ,0.00 ,-0.28 ,-0.41 ,0.03 ,0.13 ,0.13 ,0.00 ,,3.22 ,1.40 ,0.43 ,0.00 ,-0.20 ,-0.38 ,0.01 ,0.10 ,0.13 ,0.00 
2045,1.92,1.03,0.38,-0.03,-0.36,-0.44,0.05,0.16,0.08,0.00,0.00,2.79,,1.92 ,1.03 ,0.38 ,-0.03 ,-0.36 ,-0.44 ,0.05 ,0.16 ,0.08 ,0.00 ,,2.85 ,1.08 ,0.35 ,0.00 ,-0.20 ,-0.36 ,0.06 ,0.12 ,0.14 ,0.00 ,,2.73 ,1.09 ,0.37 ,0.00 ,-0.28 ,-0.41 ,0.03 ,0.13 ,0.14 ,0.00 ,,3.28 ,1.41 ,0.43 ,0.00 ,-0.20 ,-0.38 ,0.01 ,0.10 ,0.14 ,0.00 
2046,1.92,1.03,0.38,-0.03,-0.36,-0.44,0.05,0.16,0.08,0.00,0.00,2.79,,1.92 ,1.03 ,0.38 ,-0.03 ,-0.36 ,-0.44 ,0.05 ,0.16 ,0.08 ,0.00 ,,2.88 ,1.07 ,0.35 ,0.00 ,-0.20 ,-0.36 ,0.06 ,0.12 ,0.12 ,0.00 ,,2.76 ,1.09 ,0.36 ,0.00 ,-0.27 ,-0.41 ,0.03 ,0.12 ,0.12 ,0.00 ,,3.33 ,1.42 ,0.43 ,0.00 ,-0.19 ,-0.38 ,0.01 ,0.10 ,0.12 ,0.00 
2047,1.92,1.03,0.38,-0.03,-0.36,-0.44,0.05,0.16,0.08,0.00,0.00,2.79,,1.92 ,1.03 ,0.38 ,-0.03 ,-0.36 ,-0.44 ,0.05 ,0.16 ,0.08 ,0.00 ,,2.90 ,1.07 ,0.35 ,0.00 ,-0.19 ,-0.35 ,0.06 ,0.12 ,0.08 ,0.00 ,,2.79 ,1.09 ,0.36 ,0.00 ,-0.27 ,-0.41 ,0.03 ,0.12 ,0.08 ,0.00 ,,3.38 ,1.43 ,0.43 ,0.00 ,-0.19 ,-0.37 ,0.01 ,0.10 ,0.08 ,0.00 
2048,1.92,1.03,0.38,-0.03,-0.36,-0.44,0.05,0.16,0.08,0.00,0.00,2.79,,1.92 ,1.03 ,0.38 ,-0.03 ,-0.36 ,-0.44 ,0.05 ,0.16 ,0.08 ,0.00 ,,2.93 ,1.07 ,0.35 ,0.00 ,-0.18 ,-0.35 ,0.06 ,0.11 ,0.03 ,0.00 ,,2.82 ,1.09 ,0.36 ,0.00 ,-0.26 ,-0.41 ,0.03 ,0.12 ,0.03 ,0.00 ,,3.44 ,1.44 ,0.43 ,0.00 ,-0.18 ,-0.37 ,0.01 ,0.09 ,0.03 ,0.00 
2049,1.92,1.03,0.38,-0.03,-0.36,-0.44,0.05,0.16,0.08,0.00,0.00,2.79,,1.92 ,1.03 ,0.38 ,-0.03 ,-0.36 ,-0.44 ,0.05 ,0.16 ,0.08 ,0.00 ,,2.96 ,1.07 ,0.34 ,0.00 ,-0.18 ,-0.35 ,0.06 ,0.11 ,0.01 ,0.00 ,,2.86 ,1.09 ,0.36 ,0.00 ,-0.26 ,-0.41 ,0.03 ,0.12 ,0.01 ,0.00 ,,3.50 ,1.46 ,0.43 ,0.00 ,-0.18 ,-0.37 ,0.01 ,0.09 ,0.01 ,0.00 
2050,1.92,1.03,0.38,-0.03,-0.36,-0.44,0.05,0.16,0.08,0.00,0.00,2.79,,1.92 ,1.03 ,0.38 ,-0.03 ,-0.36 ,-0.44 ,0.05 ,0.16 ,0.08 ,0.00 ,,2.99 ,1.06 ,0.34 ,0.00 ,-0.17 ,-0.35 ,0.06 ,0.11 ,-0.01 ,0.00 ,,2.89 ,1.09 ,0.36 ,0.00 ,-0.26 ,-0.40 ,0.03 ,0.12 ,-0.01 ,0.00 ,,3.55 ,1.47 ,0.43 ,0.00 ,-0.17 ,-0.37 ,0.01 ,0.09 ,-0.01 ,0.00 
2051,1.92,1.03,0.38,-0.03,-0.36,-0.44,0.05,0.16,0.08,0.00,0.00,2.79,,1.92 ,1.03 ,0.38 ,-0.03 ,-0.36 ,-0.44 ,0.05 ,0.16 ,0.08 ,0.00 ,,3.02 ,1.06 ,0.34 ,0.00 ,-0.17 ,-0.34 ,0.06 ,0.11 ,-0.02 ,0.00 ,,2.92 ,1.09 ,0.36 ,0.00 ,-0.25 ,-0.40 ,0.03 ,0.12 ,-0.02 ,0.00 ,,3.61 ,1.48 ,0.43 ,0.00 ,-0.17 ,-0.36 ,0.01 ,0.09 ,-0.02 ,0.00 
2052,1.92,1.03,0.38,-0.03,-0.36,-0.44,0.05,0.16,0.08,0.00,0.00,2.79,,1.92 ,1.03 ,0.38 ,-0.03 ,-0.36 ,-0.44 ,0.05 ,0.16 ,0.08 ,0.00 ,,3.04 ,1.06 ,0.34 ,0.00 ,-0.17 ,-0.34 ,0.06 ,0.11 ,-0.03 ,0.00 ,,2.96 ,1.09 ,0.36 ,0.00 ,-0.25 ,-0.40 ,0.03 ,0.12 ,-0.03 ,0.00 ,,3.67 ,1.49 ,0.43 ,0.00 ,-0.17 ,-0.36 ,0.01 ,0.09 ,-0.03 ,0.00 
2053,1.92,1.03,0.38,-0.03,-0.36,-0.44,0.05,0.16,0.08,0.00,0.00,2.79,,1.92 ,1.03 ,0.38 ,-0.03 ,-0.36 ,-0.44 ,0.05 ,0.16 ,0.08 ,0.00 ,,3.07 ,1.05 ,0.34 ,0.00 ,-0.16 ,-0.34 ,0.06 ,0.11 ,0.02 ,0.00 ,,2.99 ,1.09 ,0.36 ,0.00 ,-0.25 ,-0.40 ,0.03 ,0.12 ,0.02 ,0.00 ,,3.72 ,1.50 ,0.43 ,0.00 ,-0.17 ,-0.36 ,0.01 ,0.09 ,0.02 ,0.00 
2054,1.92,1.03,0.38,-0.03,-0.36,-0.44,0.05,0.16,0.08,0.00,0.00,2.79,,1.92 ,1.03 ,0.38 ,-0.03 ,-0.36 ,-0.44 ,0.05 ,0.16 ,0.08 ,0.00 ,,3.09 ,1.05 ,0.33 ,0.00 ,-0.16 ,-0.33 ,0.06 ,0.11 ,0.09 ,0.00 ,,3.03 ,1.09 ,0.36 ,0.00 ,-0.25 ,-0.40 ,0.03 ,0.12 ,0.09 ,0.00 ,,3.78 ,1.52 ,0.43 ,0.00 ,-0.16 ,-0.36 ,0.01 ,0.09 ,0.09 ,0.00 
2055,1.92,1.03,0.38,-0.03,-0.36,-0.44,0.05,0.16,0.08,0.00,0.00,2.79,,1.92 ,1.03 ,0.38 ,-0.03 ,-0.36 ,-0.44 ,0.05 ,0.16 ,0.08 ,0.00 ,,3.12 ,1.05 ,0.33 ,0.00 ,-0.15 ,-0.33 ,0.06 ,0.11 ,0.13 ,0.00 ,,3.06 ,1.09 ,0.36 ,0.00 ,-0.25 ,-0.40 ,0.03 ,0.11 ,0.13 ,0.00 ,,3.84 ,1.53 ,0.44 ,0.00 ,-0.16 ,-0.36 ,0.01 ,0.09 ,0.13 ,0.00 
2056,1.92,1.03,0.38,-0.03,-0.36,-0.44,0.05,0.16,0.08,0.00,0.00,2.79,,1.92 ,1.03 ,0.38 ,-0.03 ,-0.36 ,-0.44 ,0.05 ,0.16 ,0.08 ,0.00 ,,3.14 ,1.04 ,0.33 ,0.00 ,-0.15 ,-0.33 ,0.06 ,0.10 ,0.14 ,0.00 ,,3.10 ,1.09 ,0.36 ,0.00 ,-0.25 ,-0.40 ,0.03 ,0.11 ,0.14 ,0.00 ,,3.90 ,1.54 ,0.44 ,0.00 ,-0.16 ,-0.36 ,0.01 ,0.09 ,0.14 ,0.00 
2057,1.92,1.03,0.38,-0.03,-0.36,-0.44,0.05,0.16,0.08,0.00,0.00,2.79,,1.92 ,1.03 ,0.38 ,-0.03 ,-0.36 ,-0.44 ,0.05 ,0.16 ,0.08 ,0.00 ,,3.16 ,1.04 ,0.33 ,0.00 ,-0.15 ,-0.33 ,0.06 ,0.10 ,0.12 ,0.00 ,,3.14 ,1.09 ,0.36 ,0.00 ,-0.24 ,-0.40 ,0.02 ,0.11 ,0.12 ,0.00 ,,3.96 ,1.55 ,0.44 ,0.00 ,-0.16 ,-0.35 ,0.01 ,0.09 ,0.12 ,0.00 
2058,1.92,1.03,0.38,-0.03,-0.36,-0.44,0.05,0.16,0.08,0.00,0.00,2.79,,1.92 ,1.03 ,0.38 ,-0.03 ,-0.36 ,-0.44 ,0.05 ,0.16 ,0.08 ,0.00 ,,3.19 ,1.04 ,0.32 ,0.00 ,-0.14 ,-0.32 ,0.06 ,0.10 ,0.08 ,0.00 ,,3.17 ,1.10 ,0.36 ,0.00 ,-0.24 ,-0.40 ,0.02 ,0.11 ,0.08 ,0.00 ,,4.02 ,1.56 ,0.44 ,0.00 ,-0.15 ,-0.35 ,0.01 ,0.09 ,0.08 ,0.00 
2059,1.92,1.03,0.38,-0.03,-0.36,-0.44,0.05,0.16,0.08,0.00,0.00,2.79,,1.92 ,1.03 ,0.38 ,-0.03 ,-0.36 ,-0.44 ,0.05 ,0.16 ,0.08 ,0.00 ,,3.21 ,1.03 ,0.32 ,0.00 ,-0.14 ,-0.32 ,0.06 ,0.10 ,0.03 ,0.00 ,,3.21 ,1.10 ,0.36 ,0.00 ,-0.24 ,-0.39 ,0.02 ,0.11 ,0.03 ,0.00 ,,4.08 ,1.57 ,0.44 ,0.00 ,-0.15 ,-0.35 ,0.01 ,0.08 ,0.03 ,0.00 
2060,1.92,1.03,0.38,-0.03,-0.36,-0.44,0.05,0.16,0.08,0.00,0.00,2.79,,1.92 ,1.03 ,0.38 ,-0.03 ,-0.36 ,-0.44 ,0.05 ,0.16 ,0.08 ,0.00 ,,3.23 ,1.03 ,0.32 ,0.00 ,-0.14 ,-0.32 ,0.06 ,0.10 ,0.01 ,0.00 ,,3.25 ,1.10 ,0.35 ,0.00 ,-0.24 ,-0.39 ,0.02 ,0.11 ,0.01 ,0.00 ,,4.14 ,1.58 ,0.44 ,0.00 ,-0.15 ,-0.35 ,0.01 ,0.08 ,0.01 ,0.00 
2061,1.92,1.03,0.38,-0.03,-0.36,-0.44,0.05,0.16,0.08,0.00,0.00,2.79,,1.92 ,1.03 ,0.38 ,-0.03 ,-0.36 ,-0.44 ,0.05 ,0.16 ,0.08 ,0.00 ,,3.25 ,1.03 ,0.32 ,0.00 ,-0.13 ,-0.32 ,0.05 ,0.10 ,-0.01 ,0.00 ,,3.29 ,1.10 ,0.35 ,0.00 ,-0.23 ,-0.39 ,0.02 ,0.11 ,-0.01 ,0.00 ,,4.20 ,1.59 ,0.44 ,0.00 ,-0.15 ,-0.35 ,0.01 ,0.08 ,-0.01 ,0.00 
2062,1.92,1.03,0.38,-0.03,-0.36,-0.44,0.05,0.16,0.08,0.00,0.00,2.79,,1.92 ,1.03 ,0.38 ,-0.03 ,-0.36 ,-0.44 ,0.05 ,0.16 ,0.08 ,0.00 ,,3.27 ,1.02 ,0.32 ,0.00 ,-0.13 ,-0.31 ,0.05 ,0.10 ,-0.02 ,0.00 ,,3.32 ,1.10 ,0.35 ,0.00 ,-0.22 ,-0.39 ,0.02 ,0.10 ,-0.02 ,0.00 ,,4.27 ,1.60 ,0.44 ,0.00 ,-0.15 ,-0.35 ,0.01 ,0.08 ,-0.02 ,0.00 
2063,1.92,1.03,0.38,-0.03,-0.36,-0.44,0.05,0.16,0.08,0.00,0.00,2.79,,1.92 ,1.03 ,0.38 ,-0.03 ,-0.36 ,-0.44 ,0.05 ,0.16 ,0.08 ,0.00 ,,3.29 ,1.02 ,0.31 ,0.00 ,-0.13 ,-0.31 ,0.05 ,0.09 ,-0.03 ,0.00 ,,3.36 ,1.10 ,0.35 ,0.00 ,-0.21 ,-0.38 ,0.02 ,0.10 ,-0.03 ,0.00 ,,4.33 ,1.61 ,0.44 ,0.00 ,-0.14 ,-0.34 ,0.01 ,0.08 ,-0.03 ,0.00 
2064,1.92,1.03,0.38,-0.03,-0.36,-0.44,0.05,0.16,0.08,0.00,0.00,2.79,,1.92 ,1.03 ,0.38 ,-0.03 ,-0.36 ,-0.44 ,0.05 ,0.16 ,0.08 ,0.00 ,,3.30 ,1.02 ,0.31 ,0.00 ,-0.13 ,-0.31 ,0.05 ,0.09 ,0.02 ,0.00 ,,3.40 ,1.10 ,0.35 ,0.00 ,-0.20 ,-0.38 ,0.02 ,0.10 ,0.02 ,0.00 ,,4.39 ,1.62 ,0.44 ,0.00 ,-0.14 ,-0.34 ,0.01 ,0.08 ,0.02 ,0.00 
2065,1.92,1.03,0.38,-0.03,-0.36,-0.44,0.05,0.16,0.08,0.00,0.00,2.79,,1.92 ,1.03 ,0.38 ,-0.03 ,-0.36 ,-0.44 ,0.05 ,0.16 ,0.08 ,0.00 ,,3.32 ,1.01 ,0.31 ,0.00 ,-0.12 ,-0.30 ,0.05 ,0.09 ,0.09 ,0.00 ,,3.44 ,1.11 ,0.35 ,0.00 ,-0.20 ,-0.37 ,0.02 ,0.10 ,0.09 ,0.00 ,,4.45 ,1.63 ,0.44 ,0.00 ,-0.14 ,-0.34 ,0.01 ,0.08 ,0.09 ,0.00 
2066,1.92,1.03,0.38,-0.03,-0.36,-0.44,0.05,0.16,0.08,0.00,0.00,2.79,,1.92 ,1.03 ,0.38 ,-0.03 ,-0.36 ,-0.44 ,0.05 ,0.16 ,0.08 ,0.00 ,,3.34 ,1.01 ,0.31 ,0.00 ,-0.12 ,-0.30 ,0.05 ,0.09 ,0.13 ,0.00 ,,3.48 ,1.11 ,0.34 ,0.00 ,-0.19 ,-0.37 ,0.02 ,0.10 ,0.13 ,0.00 ,,4.51 ,1.64 ,0.44 ,0.00 ,-0.14 ,-0.34 ,0.01 ,0.08 ,0.13 ,0.00 
2067,1.92,1.03,0.38,-0.03,-0.36,-0.44,0.05,0.16,0.08,0.00,0.00,2.79,,1.92 ,1.03 ,0.38 ,-0.03 ,-0.36 ,-0.44 ,0.05 ,0.16 ,0.08 ,0.00 ,,3.35 ,1.01 ,0.30 ,0.00 ,-0.12 ,-0.30 ,0.05 ,0.09 ,0.14 ,0.00 ,,3.52 ,1.11 ,0.34 ,0.00 ,-0.18 ,-0.37 ,0.02 ,0.09 ,0.14 ,0.00 ,,4.57 ,1.65 ,0.44 ,0.00 ,-0.14 ,-0.34 ,0.01 ,0.08 ,0.14 ,0.00 
2068,1.92,1.03,0.38,-0.03,-0.36,-0.44,0.05,0.16,0.08,0.00,0.00,2.79,,1.92 ,1.03 ,0.38 ,-0.03 ,-0.36 ,-0.44 ,0.05 ,0.16 ,0.08 ,0.00 ,,3.36 ,1.00 ,0.30 ,0.00 ,-0.11 ,-0.30 ,0.05 ,0.09 ,0.12 ,0.00 ,,3.56 ,1.11 ,0.34 ,0.00 ,-0.17 ,-0.36 ,0.02 ,0.09 ,0.12 ,0.00 ,,4.63 ,1.66 ,0.44 ,0.00 ,-0.14 ,-0.34 ,0.01 ,0.08 ,0.12 ,0.00 
2069,1.92,1.03,0.38,-0.03,-0.36,-0.44,0.05,0.16,0.08,0.00,0.00,2.79,,1.92 ,1.03 ,0.38 ,-0.03 ,-0.36 ,-0.44 ,0.05 ,0.16 ,0.08 ,0.00 ,,3.38 ,1.00 ,0.30 ,0.00 ,-0.11 ,-0.29 ,0.05 ,0.09 ,0.08 ,0.00 ,,3.60 ,1.11 ,0.34 ,0.00 ,-0.16 ,-0.36 ,0.02 ,0.09 ,0.08 ,0.00 ,,4.70 ,1.67 ,0.44 ,0.00 ,-0.13 ,-0.34 ,0.00 ,0.08 ,0.08 ,0.00 
2070,1.92,1.03,0.38,-0.03,-0.36,-0.44,0.05,0.16,0.08,0.00,0.00,2.79,,1.92 ,1.03 ,0.38 ,-0.03 ,-0.36 ,-0.44 ,0.05 ,0.16 ,0.08 ,0.00 ,,3.39 ,1.00 ,0.30 ,0.00 ,-0.11 ,-0.29 ,0.05 ,0.08 ,0.03 ,0.00 ,,3.64 ,1.11 ,0.34 ,0.00 ,-0.15 ,-0.35 ,0.02 ,0.09 ,0.03 ,0.00 ,,4.76 ,1.68 ,0.44 ,0.00 ,-0.13 ,-0.34 ,0.00 ,0.08 ,0.03 ,0.00 
2071,1.92,1.03,0.38,-0.03,-0.36,-0.44,0.05,0.16,0.08,0.00,0.00,2.79,,1.92 ,1.03 ,0.38 ,-0.03 ,-0.36 ,-0.44 ,0.05 ,0.16 ,0.08 ,0.00 ,,3.40 ,0.99 ,0.29 ,0.00 ,-0.11 ,-0.29 ,0.05 ,0.08 ,0.01 ,0.00 ,,3.68 ,1.11 ,0.33 ,0.00 ,-0.15 ,-0.35 ,0.02 ,0.09 ,0.01 ,0.00 ,,4.82 ,1.68 ,0.44 ,0.00 ,-0.13 ,-0.33 ,0.00 ,0.08 ,0.01 ,0.00 
2072,1.92,1.03,0.38,-0.03,-0.36,-0.44,0.05,0.16,0.08,0.00,0.00,2.79,,1.92 ,1.03 ,0.38 ,-0.03 ,-0.36 ,-0.44 ,0.05 ,0.16 ,0.08 ,0.00 ,,3.41 ,0.99 ,0.29 ,0.00 ,-0.10 ,-0.28 ,0.05 ,0.08 ,-0.01 ,0.00 ,,3.73 ,1.12 ,0.33 ,0.00 ,-0.14 ,-0.35 ,0.02 ,0.09 ,-0.01 ,0.00 ,,4.88 ,1.69 ,0.44 ,0.00 ,-0.13 ,-0.33 ,0.00 ,0.08 ,-0.01 ,0.00 
2073,1.92,1.03,0.38,-0.03,-0.36,-0.44,0.05,0.16,0.08,0.00,0.00,2.79,,1.92 ,1.03 ,0.38 ,-0.03 ,-0.36 ,-0.44 ,0.05 ,0.16 ,0.08 ,0.00 ,,3.42 ,0.99 ,0.29 ,0.00 ,-0.10 ,-0.28 ,0.05 ,0.08 ,-0.02 ,0.00 ,,3.77 ,1.12 ,0.33 ,0.00 ,-0.14 ,-0.35 ,0.02 ,0.08 ,-0.02 ,0.00 ,,4.94 ,1.70 ,0.44 ,0.00 ,-0.13 ,-0.33 ,0.00 ,0.08 ,-0.02 ,0.00 
2074,1.92,1.03,0.38,-0.03,-0.36,-0.44,0.05,0.16,0.08,0.00,0.00,2.79,,1.92 ,1.03 ,0.38 ,-0.03 ,-0.36 ,-0.44 ,0.05 ,0.16 ,0.08 ,0.00 ,,3.43 ,0.98 ,0.29 ,0.00 ,-0.10 ,-0.28 ,0.05 ,0.08 ,-0.03 ,0.00 ,,3.81 ,1.12 ,0.33 ,0.00 ,-0.13 ,-0.34 ,0.02 ,0.08 ,-0.03 ,0.00 ,,5.00 ,1.71 ,0.44 ,0.00 ,-0.13 ,-0.33 ,0.00 ,0.08 ,-0.03 ,0.00 
2075,1.92,1.03,0.38,-0.03,-0.36,-0.44,0.05,0.16,0.08,0.00,0.00,2.79,,1.92 ,1.03 ,0.38 ,-0.03 ,-0.36 ,-0.44 ,0.05 ,0.16 ,0.08 ,0.00 ,,3.44 ,0.98 ,0.28 ,0.00 ,-0.10 ,-0.28 ,0.04 ,0.08 ,0.02 ,0.00 ,,3.85 ,1.12 ,0.33 ,0.00 ,-0.13 ,-0.34 ,0.02 ,0.08 ,0.02 ,0.00 ,,5.06 ,1.71 ,0.44 ,0.00 ,-0.13 ,-0.33 ,0.00 ,0.08 ,0.02 ,0.00 
2076,1.92,1.03,0.38,-0.03,-0.36,-0.44,0.05,0.16,0.08,0.00,0.00,2.79,,1.92 ,1.03 ,0.38 ,-0.03 ,-0.36 ,-0.44 ,0.05 ,0.16 ,0.08 ,0.00 ,,3.44 ,0.98 ,0.28 ,0.00 ,-0.09 ,-0.27 ,0.04 ,0.08 ,0.09 ,0.00 ,,3.89 ,1.12 ,0.32 ,0.00 ,-0.12 ,-0.34 ,0.02 ,0.08 ,0.09 ,0.00 ,,5.12 ,1.72 ,0.44 ,0.00 ,-0.13 ,-0.33 ,0.00 ,0.08 ,0.09 ,0.00 
2077,1.92,1.03,0.38,-0.03,-0.36,-0.44,0.05,0.16,0.08,0.00,0.00,2.79,,1.92 ,1.03 ,0.38 ,-0.03 ,-0.36 ,-0.44 ,0.05 ,0.16 ,0.08 ,0.00 ,,3.45 ,0.97 ,0.28 ,0.00 ,-0.09 ,-0.27 ,0.04 ,0.07 ,0.13 ,0.00 ,,3.93 ,1.12 ,0.32 ,0.00 ,-0.12 ,-0.33 ,0.02 ,0.08 ,0.13 ,0.00 ,,5.18 ,1.73 ,0.44 ,0.00 ,-0.12 ,-0.33 ,0.00 ,0.08 ,0.13 ,0.00 
2078,1.92,1.03,0.38,-0.03,-0.36,-0.44,0.05,0.16,0.08,0.00,0.00,2.79,,1.92 ,1.03 ,0.38 ,-0.03 ,-0.36 ,-0.44 ,0.05 ,0.16 ,0.08 ,0.00 ,,3.45 ,0.97 ,0.27 ,0.00 ,-0.09 ,-0.27 ,0.04 ,0.07 ,0.14 ,0.00 ,,3.98 ,1.12 ,0.32 ,0.00 ,-0.11 ,-0.33 ,0.02 ,0.08 ,0.14 ,0.00 ,,5.24 ,1.74 ,0.44 ,0.00 ,-0.12 ,-0.33 ,0.00 ,0.07 ,0.14 ,0.00 
2079,1.92,1.03,0.38,-0.03,-0.36,-0.44,0.05,0.16,0.08,0.00,0.00,2.79,,1.92 ,1.03 ,0.38 ,-0.03 ,-0.36 ,-0.44 ,0.05 ,0.16 ,0.08 ,0.00 ,,3.46 ,0.97 ,0.27 ,0.00 ,-0.09 ,-0.26 ,0.04 ,0.07 ,0.12 ,0.00 ,,4.02 ,1.12 ,0.32 ,0.00 ,-0.11 ,-0.33 ,0.02 ,0.08 ,0.12 ,0.00 ,,5.30 ,1.74 ,0.44 ,0.00 ,-0.12 ,-0.33 ,0.00 ,0.07 ,0.12 ,0.00 
2080,1.92,1.03,0.38,-0.03,-0.36,-0.44,0.05,0.16,0.08,0.00,0.00,2.79,,1.92 ,1.03 ,0.38 ,-0.03 ,-0.36 ,-0.44 ,0.05 ,0.16 ,0.08 ,0.00 ,,3.46 ,0.96 ,0.27 ,0.00 ,-0.08 ,-0.26 ,0.04 ,0.07 ,0.08 ,0.00 ,,4.06 ,1.12 ,0.31 ,0.00 ,-0.10 ,-0.33 ,0.02 ,0.08 ,0.08 ,0.00 ,,5.36 ,1.75 ,0.44 ,0.00 ,-0.12 ,-0.33 ,0.01 ,0.07 ,0.08 ,0.00 
2081,1.92,1.03,0.38,-0.03,-0.36,-0.44,0.05,0.16,0.08,0.00,0.00,2.79,,1.92 ,1.03 ,0.38 ,-0.03 ,-0.36 ,-0.44 ,0.05 ,0.16 ,0.08 ,0.00 ,,3.46 ,0.96 ,0.27 ,0.00 ,-0.08 ,-0.26 ,0.04 ,0.07 ,0.03 ,0.00 ,,4.10 ,1.12 ,0.31 ,0.00 ,-0.10 ,-0.32 ,0.02 ,0.07 ,0.03 ,0.00 ,,5.42 ,1.76 ,0.44 ,0.00 ,-0.12 ,-0.32 ,0.01 ,0.07 ,0.03 ,0.00 
2082,1.92,1.03,0.38,-0.03,-0.36,-0.44,0.05,0.16,0.08,0.00,0.00,2.79,,1.92 ,1.03 ,0.38 ,-0.03 ,-0.36 ,-0.44 ,0.05 ,0.16 ,0.08 ,0.00 ,,3.46 ,0.96 ,0.26 ,0.00 ,-0.08 ,-0.26 ,0.04 ,0.07 ,0.01 ,0.00 ,,4.14 ,1.12 ,0.31 ,0.00 ,-0.10 ,-0.32 ,0.02 ,0.07 ,0.01 ,0.00 ,,5.48 ,1.77 ,0.44 ,0.00 ,-0.12 ,-0.32 ,0.01 ,0.07 ,0.01 ,0.00 
2083,1.92,1.03,0.38,-0.03,-0.36,-0.44,0.05,0.16,0.08,0.00,0.00,2.79,,1.92 ,1.03 ,0.38 ,-0.03 ,-0.36 ,-0.44 ,0.05 ,0.16 ,0.08 ,0.00 ,,3.46 ,0.95 ,0.26 ,0.00 ,-0.08 ,-0.26 ,0.04 ,0.07 ,-0.01 ,0.00 ,,4.18 ,1.12 ,0.31 ,0.00 ,-0.10 ,-0.32 ,0.02 ,0.07 ,-0.01 ,0.00 ,,5.54 ,1.77 ,0.44 ,0.00 ,-0.11 ,-0.32 ,0.01 ,0.07 ,-0.01 ,0.00 
2084,1.92,1.03,0.38,-0.03,-0.36,-0.44,0.05,0.16,0.08,0.00,0.00,2.79,,1.92 ,1.03 ,0.38 ,-0.03 ,-0.36 ,-0.44 ,0.05 ,0.16 ,0.08 ,0.00 ,,3.47 ,0.95 ,0.26 ,0.00 ,-0.08 ,-0.26 ,0.04 ,0.07 ,-0.02 ,0.00 ,,4.22 ,1.11 ,0.31 ,0.00 ,-0.09 ,-0.32 ,0.02 ,0.07 ,-0.02 ,0.00 ,,5.60 ,1.78 ,0.44 ,0.00 ,-0.11 ,-0.32 ,0.01 ,0.07 ,-0.02 ,0.00 
2085,1.92,1.03,0.38,-0.03,-0.36,-0.44,0.05,0.16,0.08,0.00,0.00,2.79,,1.92 ,1.03 ,0.38 ,-0.03 ,-0.36 ,-0.44 ,0.05 ,0.16 ,0.08 ,0.00 ,,3.47 ,0.95 ,0.26 ,0.00 ,-0.08 ,-0.26 ,0.04 ,0.07 ,-0.03 ,0.00 ,,4.26 ,1.11 ,0.30 ,0.00 ,-0.09 ,-0.32 ,0.02 ,0.07 ,-0.03 ,0.00 ,,5.66 ,1.79 ,0.44 ,0.00 ,-0.11 ,-0.32 ,0.01 ,0.07 ,-0.03 ,0.00 
2086,1.92,1.03,0.38,-0.03,-0.36,-0.44,0.05,0.16,0.08,0.00,0.00,2.79,,1.92 ,1.03 ,0.38 ,-0.03 ,-0.36 ,-0.44 ,0.05 ,0.16 ,0.08 ,0.00 ,,3.47 ,0.95 ,0.26 ,0.00 ,-0.08 ,-0.26 ,0.04 ,0.07 ,0.02 ,0.00 ,,4.29 ,1.11 ,0.30 ,0.00 ,-0.09 ,-0.32 ,0.02 ,0.07 ,0.02 ,0.00 ,,5.71 ,1.80 ,0.44 ,0.00 ,-0.11 ,-0.31 ,0.01 ,0.07 ,0.02 ,0.00 
2087,1.92,1.03,0.38,-0.03,-0.36,-0.44,0.05,0.16,0.08,0.00,0.00,2.79,,1.92 ,1.03 ,0.38 ,-0.03 ,-0.36 ,-0.44 ,0.05 ,0.16 ,0.08 ,0.00 ,,3.47 ,0.95 ,0.26 ,0.00 ,-0.08 ,-0.26 ,0.04 ,0.07 ,0.09 ,0.00 ,,4.33 ,1.11 ,0.30 ,0.00 ,-0.09 ,-0.32 ,0.02 ,0.07 ,0.09 ,0.00 ,,5.77 ,1.80 ,0.44 ,0.00 ,-0.10 ,-0.31 ,0.01 ,0.07 ,0.09 ,0.00 
2088,1.92,1.03,0.38,-0.03,-0.36,-0.44,0.05,0.16,0.08,0.00,0.00,2.79,,1.92 ,1.03 ,0.38 ,-0.03 ,-0.36 ,-0.44 ,0.05 ,0.16 ,0.08 ,0.00 ,,3.48 ,0.94 ,0.26 ,0.00 ,-0.08 ,-0.26 ,0.04 ,0.07 ,0.13 ,0.00 ,,4.36 ,1.10 ,0.30 ,0.00 ,-0.09 ,-0.31 ,0.02 ,0.07 ,0.13 ,0.00 ,,5.83 ,1.81 ,0.44 ,0.00 ,-0.10 ,-0.31 ,0.01 ,0.07 ,0.13 ,0.00 
2089,1.92,1.03,0.38,-0.03,-0.36,-0.44,0.05,0.16,0.08,0.00,0.00,2.79,,1.92 ,1.03 ,0.38 ,-0.03 ,-0.36 ,-0.44 ,0.05 ,0.16 ,0.08 ,0.00 ,,3.48 ,0.94 ,0.26 ,0.00 ,-0.08 ,-0.26 ,0.04 ,0.07 ,0.14 ,0.00 ,,4.39 ,1.10 ,0.29 ,0.00 ,-0.09 ,-0.31 ,0.02 ,0.07 ,0.14 ,0.00 ,,5.89 ,1.82 ,0.44 ,0.00 ,-0.10 ,-0.31 ,0.01 ,0.07 ,0.14 ,0.00 
2090,1.92,1.03,0.38,-0.03,-0.36,-0.44,0.05,0.16,0.08,0.00,0.00,2.79,,1.92 ,1.03 ,0.38 ,-0.03 ,-0.36 ,-0.44 ,0.05 ,0.16 ,0.08 ,0.00 ,,3.48 ,0.94 ,0.26 ,0.00 ,-0.08 ,-0.25 ,0.04 ,0.07 ,0.12 ,0.00 ,,4.42 ,1.09 ,0.29 ,0.00 ,-0.08 ,-0.31 ,0.02 ,0.06 ,0.12 ,0.00 ,,5.94 ,1.83 ,0.44 ,0.00 ,-0.10 ,-0.31 ,0.01 ,0.07 ,0.12 ,0.00 
2091,1.92,1.03,0.38,-0.03,-0.36,-0.44,0.05,0.16,0.08,0.00,0.00,2.79,,1.92 ,1.03 ,0.38 ,-0.03 ,-0.36 ,-0.44 ,0.05 ,0.16 ,0.08 ,0.00 ,,3.49 ,0.94 ,0.26 ,0.00 ,-0.08 ,-0.25 ,0.04 ,0.07 ,0.08 ,0.00 ,,4.45 ,1.09 ,0.29 ,0.00 ,-0.08 ,-0.31 ,0.02 ,0.06 ,0.08 ,0.00 ,,6.00 ,1.83 ,0.44 ,0.00 ,-0.09 ,-0.31 ,0.01 ,0.07 ,0.08 ,0.00 
2092,1.92,1.03,0.38,-0.03,-0.36,-0.44,0.05,0.16,0.08,0.00,0.00,2.79,,1.92 ,1.03 ,0.38 ,-0.03 ,-0.36 ,-0.44 ,0.05 ,0.16 ,0.08 ,0.00 ,,3.49 ,0.94 ,0.26 ,0.00 ,-0.08 ,-0.25 ,0.04 ,0.07 ,0.03 ,0.00 ,,4.48 ,1.08 ,0.29 ,0.00 ,-0.08 ,-0.31 ,0.02 ,0.06 ,0.03 ,0.00 ,,6.05 ,1.84 ,0.44 ,0.00 ,-0.09 ,-0.30 ,0.01 ,0.07 ,0.03 ,0.00 
2093,1.92,1.03,0.38,-0.03,-0.36,-0.44,0.05,0.16,0.08,0.00,0.00,2.79,,1.92 ,1.03 ,0.38 ,-0.03 ,-0.36 ,-0.44 ,0.05 ,0.16 ,0.08 ,0.00 ,,3.50 ,0.94 ,0.25 ,0.00 ,-0.08 ,-0.25 ,0.04 ,0.07 ,0.01 ,0.00 ,,4.51 ,1.07 ,0.28 ,0.00 ,-0.08 ,-0.31 ,0.02 ,0.06 ,0.01 ,0.00 ,,6.11 ,1.85 ,0.44 ,0.00 ,-0.09 ,-0.30 ,0.01 ,0.07 ,0.01 ,0.00 
2094,1.92,1.03,0.38,-0.03,-0.36,-0.44,0.05,0.16,0.08,0.00,0.00,2.79,,1.92 ,1.03 ,0.38 ,-0.03 ,-0.36 ,-0.44 ,0.05 ,0.16 ,0.08 ,0.00 ,,3.50 ,0.94 ,0.25 ,0.00 ,-0.08 ,-0.25 ,0.04 ,0.07 ,-0.01 ,0.00 ,,4.54 ,1.07 ,0.28 ,0.00 ,-0.08 ,-0.31 ,0.02 ,0.06 ,-0.01 ,0.00 ,,6.17 ,1.85 ,0.44 ,0.00 ,-0.09 ,-0.30 ,0.01 ,0.07 ,-0.01 ,0.00 
2095,1.92,1.03,0.38,-0.03,-0.36,-0.44,0.05,0.16,0.08,0.00,0.00,2.79,,1.92 ,1.03 ,0.38 ,-0.03 ,-0.36 ,-0.44 ,0.05 ,0.16 ,0.08 ,0.00 ,,3.51 ,0.93 ,0.25 ,0.00 ,-0.08 ,-0.25 ,0.04 ,0.07 ,-0.02 ,0.00 ,,4.56 ,1.06 ,0.28 ,0.00 ,-0.08 ,-0.31 ,0.02 ,0.06 ,-0.02 ,0.00 ,,6.22 ,1.86 ,0.44 ,0.00 ,-0.09 ,-0.30 ,0.01 ,0.07 ,-0.02 ,0.00 
2096,1.92,1.03,0.38,-0.03,-0.36,-0.44,0.05,0.16,0.08,0.00,0.00,2.79,,1.92 ,1.03 ,0.38 ,-0.03 ,-0.36 ,-0.44 ,0.05 ,0.16 ,0.08 ,0.00 ,,3.51 ,0.93 ,0.25 ,0.00 ,-0.08 ,-0.25 ,0.04 ,0.07 ,-0.03 ,0.00 ,,4.59 ,1.06 ,0.27 ,0.00 ,-0.07 ,-0.30 ,0.02 ,0.06 ,-0.03 ,0.00 ,,6.28 ,1.87 ,0.44 ,0.00 ,-0.09 ,-0.30 ,0.01 ,0.07 ,-0.03 ,0.00 
2097,1.92,1.03,0.38,-0.03,-0.36,-0.44,0.05,0.16,0.08,0.00,0.00,2.79,,1.92 ,1.03 ,0.38 ,-0.03 ,-0.36 ,-0.44 ,0.05 ,0.16 ,0.08 ,0.00 ,,3.52 ,0.93 ,0.25 ,0.00 ,-0.08 ,-0.25 ,0.04 ,0.07 ,0.02 ,0.00 ,,4.62 ,1.05 ,0.27 ,0.00 ,-0.07 ,-0.30 ,0.02 ,0.06 ,0.02 ,0.00 ,,6.33 ,1.87 ,0.44 ,0.00 ,-0.09 ,-0.30 ,0.01 ,0.07 ,0.02 ,0.00 
2098,1.92,1.03,0.38,-0.03,-0.36,-0.44,0.05,0.16,0.08,0.00,0.00,2.79,,1.92 ,1.03 ,0.38 ,-0.03 ,-0.36 ,-0.44 ,0.05 ,0.16 ,0.08 ,0.00 ,,3.52 ,0.93 ,0.25 ,0.00 ,-0.08 ,-0.25 ,0.04 ,0.07 ,0.09 ,0.00 ,,4.65 ,1.05 ,0.27 ,0.00 ,-0.07 ,-0.30 ,0.02 ,0.06 ,0.09 ,0.00 ,,6.38 ,1.88 ,0.44 ,0.00 ,-0.09 ,-0.30 ,0.01 ,0.07 ,0.09 ,0.00 
2099,1.92,1.03,0.38,-0.03,-0.36,-0.44,0.05,0.16,0.08,0.00,0.00,2.79,,1.92 ,1.03 ,0.38 ,-0.03 ,-0.36 ,-0.44 ,0.05 ,0.16 ,0.08 ,0.00 ,,3.53 ,0.93 ,0.25 ,0.00 ,-0.07 ,-0.25 ,0.04 ,0.07 ,0.13 ,0.00 ,,4.67 ,1.05 ,0.27 ,0.00 ,-0.07 ,-0.30 ,0.01 ,0.06 ,0.13 ,0.00 ,,6.44 ,1.89 ,0.44 ,0.00 ,-0.09 ,-0.30 ,0.01 ,0.07 ,0.13 ,0.00 
2100,1.92,1.03,0.38,-0.03,-0.36,-0.44,0.05,0.16,0.08,0.00,0.00,2.79,,1.92 ,1.03 ,0.38 ,-0.03 ,-0.36 ,-0.44 ,0.05 ,0.16 ,0.08 ,0.00 ,,3.53 ,0.93 ,0.25 ,0.00 ,-0.07 ,-0.25 ,0.04 ,0.07 ,0.14 ,0.00 ,,4.70 ,1.04 ,0.26 ,0.00 ,-0.07 ,-0.30 ,0.01 ,0.06 ,0.14 ,0.00 ,,6.49 ,1.89 ,0.44 ,0.00 ,-0.09 ,-0.30 ,0.01 ,0.07 ,0.14 ,0.00 
